time,.header.seq,.header.stamp.secs,.header.stamp.nsecs,.header.frame_id,.latitude,.longitude,.altitude,.utm_easting,.utm_northing,.zone,.letter,.quality
2022/02/18/17:19:00.077652,7,1645222740,75214862,gps_data,42.33712666666667,-71.09060166666667,12.1,327774.6125219299,4689324.768593111,19,T,4
2022/02/18/17:19:01.064328,8,1645222741,62655448,gps_data,42.33712666666667,-71.09060166666667,12.1,327774.6125219299,4689324.768593111,19,T,4
2022/02/18/17:19:02.078971,9,1645222742,75706958,gps_data,42.33712666666667,-71.09060166666667,12.1,327774.6125219299,4689324.768593111,19,T,4
2022/02/18/17:19:03.069367,10,1645222743,67831516,gps_data,42.33712666666667,-71.09060166666667,12.1,327774.6125219299,4689324.768593111,19,T,4
2022/02/18/17:19:04.077233,11,1645222744,75140237,gps_data,42.33712666666667,-71.09060166666667,12.1,327774.6125219299,4689324.768593111,19,T,4
2022/02/18/17:19:05.067095,12,1645222745,64907073,gps_data,42.33712666666667,-71.09060166666667,12.1,327774.6125219299,4689324.768593111,19,T,4
2022/02/18/17:19:06.059304,13,1645222746,58731079,gps_data,42.33712666666667,-71.09060166666667,12.2,327774.6125219299,4689324.768593111,19,T,4
2022/02/18/17:19:07.071490,14,1645222747,69935798,gps_data,42.33712666666667,-71.09060166666667,12.2,327774.6125219299,4689324.768593111,19,T,4
2022/02/18/17:19:08.061352,15,1645222748,59222459,gps_data,42.33712666666667,-71.09060166666667,12.2,327774.6125219299,4689324.768593111,19,T,4
2022/02/18/17:19:09.072018,16,1645222749,70886373,gps_data,42.33712666666667,-71.09060166666667,12.1,327774.6125219299,4689324.768593111,19,T,4
2022/02/18/17:19:10.067984,17,1645222750,65791606,gps_data,42.33712666666667,-71.09060166666667,12.1,327774.6125219299,4689324.768593111,19,T,4
2022/02/18/17:19:11.079267,18,1645222751,77768087,gps_data,42.33712666666667,-71.09060166666667,12.1,327774.6125219299,4689324.768593111,19,T,4
2022/02/18/17:19:12.074084,19,1645222752,72242736,gps_data,42.33712666666667,-71.09060166666667,12.1,327774.6125219299,4689324.768593111,19,T,4
2022/02/18/17:19:13.070275,20,1645222753,69263458,gps_data,42.33712666666667,-71.09060166666667,12.1,327774.6125219299,4689324.768593111,19,T,4
2022/02/18/17:19:14.081781,21,1645222754,81239700,gps_data,42.33712666666667,-71.09060166666667,12.1,327774.6125219299,4689324.768593111,19,T,4
2022/02/18/17:19:15.072172,22,1645222755,70072650,gps_data,42.33712666666667,-71.09060166666667,12.1,327774.6125219299,4689324.768593111,19,T,4
2022/02/18/17:19:16.064489,23,1645222756,62165021,gps_data,42.33712666666667,-71.09060166666667,12.1,327774.6125219299,4689324.768593111,19,T,4
2022/02/18/17:19:17.075355,24,1645222757,74491500,gps_data,42.33712666666667,-71.09060166666667,12.1,327774.6125219299,4689324.768593111,19,T,4
2022/02/18/17:19:18.069064,25,1645222758,66596269,gps_data,42.33712666666667,-71.09060166666667,12.1,327774.6125219299,4689324.768593111,19,T,4
2022/02/18/17:19:19.081861,26,1645222759,80029964,gps_data,42.33712666666667,-71.09060166666667,12.2,327774.6125219299,4689324.768593111,19,T,4
2022/02/18/17:19:20.067863,27,1645222760,66261291,gps_data,42.33712666666667,-71.09060166666667,12.2,327774.6125219299,4689324.768593111,19,T,4
2022/02/18/17:19:21.060339,28,1645222761,59314489,gps_data,42.33712666666667,-71.09060166666667,12.2,327774.6125219299,4689324.768593111,19,T,4
2022/02/18/17:19:22.075297,29,1645222762,72561979,gps_data,42.33712666666667,-71.09060166666667,12.2,327774.6125219299,4689324.768593111,19,T,4
2022/02/18/17:19:23.066158,30,1645222763,64445018,gps_data,42.33712666666667,-71.09060166666667,12.1,327774.6125219299,4689324.768593111,19,T,4
2022/02/18/17:19:24.079652,31,1645222764,78113555,gps_data,42.33712666666667,-71.09060166666667,12.1,327774.6125219299,4689324.768593111,19,T,4
2022/02/18/17:19:25.073178,32,1645222765,71854829,gps_data,42.33712666666667,-71.09060166666667,12.1,327774.6125219299,4689324.768593111,19,T,4
2022/02/18/17:19:26.068626,33,1645222766,65998077,gps_data,42.33712666666667,-71.09060166666667,12.1,327774.6125219299,4689324.768593111,19,T,4
2022/02/18/17:19:27.061510,34,1645222767,59164762,gps_data,42.33712666666667,-71.09060166666667,12.1,327774.6125219299,4689324.768593111,19,T,4
2022/02/18/17:19:28.071346,35,1645222768,70472478,gps_data,42.33712666666667,-71.09060166666667,12.1,327774.6125219299,4689324.768593111,19,T,4
2022/02/18/17:19:29.063509,36,1645222769,61993360,gps_data,42.33712666666667,-71.09060166666667,12.1,327774.6125219299,4689324.768593111,19,T,4
2022/02/18/17:19:30.077039,37,1645222770,74849843,gps_data,42.33712666666667,-71.09060166666667,12.1,327774.6125219299,4689324.768593111,19,T,4
2022/02/18/17:19:31.067878,38,1645222771,65663814,gps_data,42.33712666666667,-71.09060166666667,12.1,327774.6125219299,4689324.768593111,19,T,4
2022/02/18/17:19:32.062520,39,1645222772,60029268,gps_data,42.33712666666667,-71.09060166666667,12.1,327774.6125219299,4689324.768593111,19,T,4
2022/02/18/17:19:33.077645,40,1645222773,76162099,gps_data,42.33712666666667,-71.09060166666667,12.1,327774.6125219299,4689324.768593111,19,T,4
2022/02/18/17:19:34.066886,41,1645222774,66568851,gps_data,42.33712666666667,-71.09060166666667,12.1,327774.6125219299,4689324.768593111,19,T,4
2022/02/18/17:19:35.073798,42,1645222775,72262287,gps_data,42.33712666666667,-71.09060166666667,12.1,327774.6125219299,4689324.768593111,19,T,4
2022/02/18/17:19:36.062871,43,1645222776,60758829,gps_data,42.33712666666667,-71.09060166666667,12.1,327774.6125219299,4689324.768593111,19,T,4
2022/02/18/17:19:37.076856,44,1645222777,74632167,gps_data,42.33712666666667,-71.09060166666667,12.1,327774.6125219299,4689324.768593111,19,T,4
2022/02/18/17:19:38.066132,45,1645222778,65110921,gps_data,42.33712666666667,-71.09060166666667,12.1,327774.6125219299,4689324.768593111,19,T,4
2022/02/18/17:19:39.080947,46,1645222779,77792882,gps_data,42.33712666666667,-71.09060166666667,12.1,327774.6125219299,4689324.768593111,19,T,4
2022/02/18/17:19:40.066329,47,1645222780,65053224,gps_data,42.33712666666667,-71.09060166666667,12.1,327774.6125219299,4689324.768593111,19,T,4
2022/02/18/17:19:41.076001,48,1645222781,73672533,gps_data,42.33712666666667,-71.09060166666667,12.1,327774.6125219299,4689324.768593111,19,T,4
2022/02/18/17:19:42.065613,49,1645222782,63935995,gps_data,42.33712666666667,-71.09060166666667,12.1,327774.6125219299,4689324.768593111,19,T,4
2022/02/18/17:19:43.055136,50,1645222783,53649187,gps_data,42.33712666666667,-71.09060166666667,12.1,327774.6125219299,4689324.768593111,19,T,4
2022/02/18/17:19:44.065351,51,1645222784,62947988,gps_data,42.33712666666667,-71.09060166666667,12.1,327774.6125219299,4689324.768593111,19,T,4
2022/02/18/17:19:45.073621,52,1645222785,73003530,gps_data,42.33712666666667,-71.09060166666667,12.1,327774.6125219299,4689324.768593111,19,T,4
2022/02/18/17:19:46.060645,53,1645222786,60266971,gps_data,42.33712666666667,-71.09060166666667,12.1,327774.6125219299,4689324.768593111,19,T,4
2022/02/18/17:19:47.076090,54,1645222787,73841333,gps_data,42.33712666666667,-71.09060166666667,12.1,327774.6125219299,4689324.768593111,19,T,4
2022/02/18/17:19:48.063559,55,1645222788,63065290,gps_data,42.33712666666667,-71.09060166666667,12.1,327774.6125219299,4689324.768593111,19,T,4
2022/02/18/17:19:49.075396,56,1645222789,74662446,gps_data,42.33712666666667,-71.09060166666667,12.1,327774.6125219299,4689324.768593111,19,T,4
2022/02/18/17:19:50.071702,57,1645222790,69341421,gps_data,42.33712666666667,-71.09060166666667,12.1,327774.6125219299,4689324.768593111,19,T,4
2022/02/18/17:19:51.062680,58,1645222791,61105012,gps_data,42.33712666666667,-71.09060166666667,12.1,327774.6125219299,4689324.768593111,19,T,4
2022/02/18/17:19:52.068485,59,1645222792,68137407,gps_data,42.33712666666667,-71.09060166666667,12.1,327774.6125219299,4689324.768593111,19,T,4
2022/02/18/17:19:53.067379,60,1645222793,64977884,gps_data,42.33712666666667,-71.09060166666667,12.1,327774.6125219299,4689324.768593111,19,T,4
2022/02/18/17:19:54.059930,61,1645222794,58086156,gps_data,42.33712666666667,-71.09060166666667,12.2,327774.6125219299,4689324.768593111,19,T,4
2022/02/18/17:19:55.072162,62,1645222795,70447444,gps_data,42.33712666666667,-71.09060166666667,12.1,327774.6125219299,4689324.768593111,19,T,4
2022/02/18/17:19:56.060305,63,1645222796,59882402,gps_data,42.33712666666667,-71.09060166666667,12.1,327774.6125219299,4689324.768593111,19,T,4
2022/02/18/17:19:57.073496,64,1645222797,71318626,gps_data,42.33712666666667,-71.09060166666667,12.1,327774.6125219299,4689324.768593111,19,T,4
2022/02/18/17:19:58.058996,65,1645222798,57838916,gps_data,42.33712666666667,-71.09060166666667,12.1,327774.6125219299,4689324.768593111,19,T,4
2022/02/18/17:19:59.070712,66,1645222799,68621635,gps_data,42.33712666666667,-71.09060166666667,12.2,327774.6125219299,4689324.768593111,19,T,4
2022/02/18/17:20:00.060157,67,1645222800,58382034,gps_data,42.33712666666667,-71.09060166666667,12.1,327774.6125219299,4689324.768593111,19,T,4
2022/02/18/17:20:01.070511,68,1645222801,69989919,gps_data,42.33712666666667,-71.09060166666667,12.1,327774.6125219299,4689324.768593111,19,T,4
2022/02/18/17:20:02.060352,69,1645222802,59663057,gps_data,42.33712666666667,-71.09060166666667,12.1,327774.6125219299,4689324.768593111,19,T,4
2022/02/18/17:20:03.069962,70,1645222803,67635297,gps_data,42.33712666666667,-71.09060166666667,12.2,327774.6125219299,4689324.768593111,19,T,4
2022/02/18/17:20:04.082336,71,1645222804,80935239,gps_data,42.33712666666667,-71.09060166666667,12.2,327774.6125219299,4689324.768593111,19,T,4
2022/02/18/17:20:05.075733,72,1645222805,73370456,gps_data,42.33712666666667,-71.09060166666667,12.2,327774.6125219299,4689324.768593111,19,T,4
2022/02/18/17:20:06.067827,73,1645222806,66595792,gps_data,42.33712666666667,-71.09060166666667,12.1,327774.6125219299,4689324.768593111,19,T,4
2022/02/18/17:20:07.063217,74,1645222807,60931444,gps_data,42.33712666666667,-71.09060166666667,12.1,327774.6125219299,4689324.768593111,19,T,4
2022/02/18/17:20:08.074229,75,1645222808,71728467,gps_data,42.33712666666667,-71.09060166666667,12.1,327774.6125219299,4689324.768593111,19,T,4
2022/02/18/17:20:09.065337,76,1645222809,63851118,gps_data,42.33712666666667,-71.09060166666667,12.1,327774.6125219299,4689324.768593111,19,T,4
2022/02/18/17:20:10.077314,77,1645222810,74983358,gps_data,42.33712666666667,-71.09060166666667,12.1,327774.6125219299,4689324.768593111,19,T,4
2022/02/18/17:20:11.065398,78,1645222811,63419580,gps_data,42.33712666666667,-71.09060166666667,12.1,327774.6125219299,4689324.768593111,19,T,4
2022/02/18/17:20:12.074650,79,1645222812,72337388,gps_data,42.33712666666667,-71.09060166666667,12.1,327774.6125219299,4689324.768593111,19,T,4
2022/02/18/17:20:13.063825,80,1645222813,63385009,gps_data,42.33712666666667,-71.09060166666667,12.1,327774.6125219299,4689324.768593111,19,T,4
2022/02/18/17:20:14.079090,81,1645222814,78515529,gps_data,42.33712666666667,-71.09060166666667,12.1,327774.6125219299,4689324.768593111,19,T,4
2022/02/18/17:20:15.070707,82,1645222815,69553852,gps_data,42.33712666666667,-71.09060166666667,12.1,327774.6125219299,4689324.768593111,19,T,4
2022/02/18/17:20:16.065026,83,1645222816,62651395,gps_data,42.33712666666667,-71.09060166666667,12.1,327774.6125219299,4689324.768593111,19,T,4
2022/02/18/17:20:17.085114,84,1645222817,82462787,gps_data,42.33712666666667,-71.09060166666667,12.1,327774.6125219299,4689324.768593111,19,T,4
2022/02/18/17:20:18.077669,85,1645222818,75591564,gps_data,42.33712666666667,-71.09060166666667,12.1,327774.6125219299,4689324.768593111,19,T,4
2022/02/18/17:20:19.067976,86,1645222819,66556215,gps_data,42.33712666666667,-71.09060166666667,12.1,327774.6125219299,4689324.768593111,19,T,4
2022/02/18/17:20:20.077415,87,1645222820,73812723,gps_data,42.33712666666667,-71.09060166666667,12.1,327774.6125219299,4689324.768593111,19,T,4
2022/02/18/17:20:21.069135,88,1645222821,66308021,gps_data,42.33712666666667,-71.09060166666667,12.1,327774.6125219299,4689324.768593111,19,T,4
2022/02/18/17:20:22.078088,89,1645222822,75459957,gps_data,42.33712666666667,-71.09060166666667,12.1,327774.6125219299,4689324.768593111,19,T,4
2022/02/18/17:20:23.064532,90,1645222823,63294172,gps_data,42.33712666666667,-71.09060166666667,12.1,327774.6125219299,4689324.768593111,19,T,4
2022/02/18/17:20:24.077265,91,1645222824,74732542,gps_data,42.33712666666667,-71.09060166666667,12.1,327774.6125219299,4689324.768593111,19,T,4
2022/02/18/17:20:25.064481,92,1645222825,62898635,gps_data,42.33712666666667,-71.09060166666667,12.1,327774.6125219299,4689324.768593111,19,T,4
2022/02/18/17:20:26.075636,93,1645222826,73725938,gps_data,42.33712666666667,-71.09060166666667,12.1,327774.6125219299,4689324.768593111,19,T,4
2022/02/18/17:20:27.068166,94,1645222827,66242218,gps_data,42.33712666666667,-71.09060166666667,12.1,327774.6125219299,4689324.768593111,19,T,4
2022/02/18/17:20:28.063156,95,1645222828,60973405,gps_data,42.33712666666667,-71.09060166666667,12.1,327774.6125219299,4689324.768593111,19,T,4
2022/02/18/17:20:29.077853,96,1645222829,76274156,gps_data,42.33712666666667,-71.09060166666667,12.2,327774.6125219299,4689324.768593111,19,T,4
2022/02/18/17:20:30.072310,97,1645222830,70479154,gps_data,42.33712666666667,-71.09060166666667,12.2,327774.6125219299,4689324.768593111,19,T,4
2022/02/18/17:20:31.059911,98,1645222831,58789968,gps_data,42.33712666666667,-71.09060166666667,12.2,327774.6125219299,4689324.768593111,19,T,4
2022/02/18/17:20:32.070414,99,1645222832,68928718,gps_data,42.33712666666667,-71.09060166666667,12.2,327774.6125219299,4689324.768593111,19,T,4
2022/02/18/17:20:33.066191,100,1645222833,62838554,gps_data,42.33712666666667,-71.09060166666667,12.2,327774.6125219299,4689324.768593111,19,T,4
2022/02/18/17:20:34.081704,101,1645222834,79109668,gps_data,42.33712666666667,-71.09060166666667,12.2,327774.6125219299,4689324.768593111,19,T,4
2022/02/18/17:20:35.072535,102,1645222835,69810867,gps_data,42.33712666666667,-71.09060166666667,12.1,327774.6125219299,4689324.768593111,19,T,4
2022/02/18/17:20:36.064831,103,1645222836,62369346,gps_data,42.33712666666667,-71.09060166666667,12.2,327774.6125219299,4689324.768593111,19,T,4
2022/02/18/17:20:37.074550,104,1645222837,73781967,gps_data,42.33712666666667,-71.09060166666667,12.2,327774.6125219299,4689324.768593111,19,T,4
2022/02/18/17:20:38.071753,105,1645222838,70173978,gps_data,42.33712666666667,-71.09060166666667,12.2,327774.6125219299,4689324.768593111,19,T,4
2022/02/18/17:20:39.064586,106,1645222839,64249038,gps_data,42.33712666666667,-71.09060166666667,12.2,327774.6125219299,4689324.768593111,19,T,4
2022/02/18/17:20:40.079439,107,1645222840,77008008,gps_data,42.33712666666667,-71.09060166666667,12.2,327774.6125219299,4689324.768593111,19,T,4
2022/02/18/17:20:41.070474,108,1645222841,69075107,gps_data,42.33712666666667,-71.09060166666667,12.2,327774.6125219299,4689324.768593111,19,T,4
2022/02/18/17:20:42.081192,109,1645222842,80246210,gps_data,42.33712666666667,-71.09060166666667,12.2,327774.6125219299,4689324.768593111,19,T,4
2022/02/18/17:20:43.073928,110,1645222843,71914672,gps_data,42.33712666666667,-71.09060166666667,12.2,327774.6125219299,4689324.768593111,19,T,4
2022/02/18/17:20:44.065198,111,1645222844,63327550,gps_data,42.33712666666667,-71.09060166666667,12.2,327774.6125219299,4689324.768593111,19,T,4
2022/02/18/17:20:45.072484,112,1645222845,70901870,gps_data,42.33712666666667,-71.09060166666667,12.2,327774.6125219299,4689324.768593111,19,T,4
2022/02/18/17:20:46.063222,113,1645222846,60796260,gps_data,42.33712666666667,-71.09060166666667,12.2,327774.6125219299,4689324.768593111,19,T,4
2022/02/18/17:20:47.071707,114,1645222847,70506334,gps_data,42.33712666666667,-71.09060166666667,12.1,327774.6125219299,4689324.768593111,19,T,4
2022/02/18/17:20:48.058816,115,1645222848,58140754,gps_data,42.33712666666667,-71.09060166666667,12.2,327774.6125219299,4689324.768593111,19,T,4
2022/02/18/17:20:49.073975,116,1645222849,73377609,gps_data,42.33712666666667,-71.09060166666667,12.2,327774.6125219299,4689324.768593111,19,T,4
2022/02/18/17:20:50.067479,117,1645222850,66745996,gps_data,42.33712666666667,-71.09060166666667,12.2,327774.6125219299,4689324.768593111,19,T,4
2022/02/18/17:20:51.060731,118,1645222851,59484481,gps_data,42.33712666666667,-71.09060166666667,12.1,327774.6125219299,4689324.768593111,19,T,4
2022/02/18/17:20:52.070356,119,1645222852,67861318,gps_data,42.33712666666667,-71.09060166666667,12.2,327774.6125219299,4689324.768593111,19,T,4
2022/02/18/17:20:53.063664,120,1645222853,62279224,gps_data,42.33712666666667,-71.09060166666667,12.1,327774.6125219299,4689324.768593111,19,T,4
2022/02/18/17:20:54.070359,121,1645222854,68192005,gps_data,42.33712666666667,-71.09060166666667,12.1,327774.6125219299,4689324.768593111,19,T,4
2022/02/18/17:20:55.061500,122,1645222855,59846401,gps_data,42.33712666666667,-71.09060166666667,12.2,327774.6125219299,4689324.768593111,19,T,4
2022/02/18/17:20:56.073875,123,1645222856,71586608,gps_data,42.33712666666667,-71.09060166666667,12.2,327774.6125219299,4689324.768593111,19,T,4
2022/02/18/17:20:57.065153,124,1645222857,64605474,gps_data,42.33712666666667,-71.09060166666667,12.2,327774.6125219299,4689324.768593111,19,T,4
2022/02/18/17:20:58.061775,125,1645222858,59600591,gps_data,42.33712666666667,-71.09060166666667,12.2,327774.6125219299,4689324.768593111,19,T,4
2022/02/18/17:20:59.075267,126,1645222859,73978662,gps_data,42.33712666666667,-71.09060166666667,12.2,327774.6125219299,4689324.768593111,19,T,4
2022/02/18/17:21:00.067041,127,1645222860,64895153,gps_data,42.33712666666667,-71.09060166666667,12.2,327774.6125219299,4689324.768593111,19,T,4
2022/02/18/17:21:01.076146,128,1645222861,75679540,gps_data,42.33712666666667,-71.09060166666667,12.2,327774.6125219299,4689324.768593111,19,T,4
2022/02/18/17:21:02.069567,129,1645222862,68333864,gps_data,42.33712666666667,-71.09060166666667,12.2,327774.6125219299,4689324.768593111,19,T,4
2022/02/18/17:21:03.083151,130,1645222863,80643892,gps_data,42.33712666666667,-71.09060166666667,12.2,327774.6125219299,4689324.768593111,19,T,4
2022/02/18/17:21:04.078092,131,1645222864,77604055,gps_data,42.33712666666667,-71.09060166666667,12.2,327774.6125219299,4689324.768593111,19,T,4
2022/02/18/17:21:05.070886,132,1645222865,68542480,gps_data,42.33712666666667,-71.09060166666667,12.2,327774.6125219299,4689324.768593111,19,T,4
2022/02/18/17:21:06.062776,133,1645222866,61393499,gps_data,42.33712666666667,-71.09060166666667,12.2,327774.6125219299,4689324.768593111,19,T,4
2022/02/18/17:21:07.071376,134,1645222867,70989370,gps_data,42.33712666666667,-71.09060166666667,12.2,327774.6125219299,4689324.768593111,19,T,4
2022/02/18/17:21:08.065450,135,1645222868,64859867,gps_data,42.33712666666667,-71.09060166666667,12.2,327774.6125219299,4689324.768593111,19,T,4
2022/02/18/17:21:09.077672,136,1645222869,76989650,gps_data,42.33712666666667,-71.09060166666667,12.2,327774.6125219299,4689324.768593111,19,T,4
2022/02/18/17:21:10.070322,137,1645222870,66923856,gps_data,42.33712666666667,-71.09060166666667,12.2,327774.6125219299,4689324.768593111,19,T,4
2022/02/18/17:21:11.078404,138,1645222871,77151775,gps_data,42.33712666666667,-71.09060166666667,12.2,327774.6125219299,4689324.768593111,19,T,4
2022/02/18/17:21:12.069402,139,1645222872,68892955,gps_data,42.33712666666667,-71.09060166666667,12.2,327774.6125219299,4689324.768593111,19,T,4
2022/02/18/17:21:13.065181,140,1645222873,62650918,gps_data,42.33712666666667,-71.09060166666667,12.2,327774.6125219299,4689324.768593111,19,T,4
2022/02/18/17:21:14.073769,141,1645222874,73096990,gps_data,42.33712666666667,-71.09060166666667,12.2,327774.6125219299,4689324.768593111,19,T,4
2022/02/18/17:21:15.064968,142,1645222875,63643455,gps_data,42.33712666666667,-71.09060166666667,12.2,327774.6125219299,4689324.768593111,19,T,4
2022/02/18/17:21:16.077439,143,1645222876,75273513,gps_data,42.33712666666667,-71.09060166666667,12.2,327774.6125219299,4689324.768593111,19,T,4
2022/02/18/17:21:17.065893,144,1645222877,63789844,gps_data,42.33712666666667,-71.09060166666667,12.2,327774.6125219299,4689324.768593111,19,T,4
2022/02/18/17:21:18.061702,145,1645222878,59661865,gps_data,42.33712666666667,-71.09060166666667,12.2,327774.6125219299,4689324.768593111,19,T,4
2022/02/18/17:21:19.070751,146,1645222879,70398092,gps_data,42.33712666666667,-71.09060166666667,12.2,327774.6125219299,4689324.768593111,19,T,4
2022/02/18/17:21:20.080253,147,1645222880,77238798,gps_data,42.33712666666667,-71.09060166666667,12.2,327774.6125219299,4689324.768593111,19,T,4
2022/02/18/17:21:21.072892,148,1645222881,71369409,gps_data,42.33712666666667,-71.09060166666667,12.2,327774.6125219299,4689324.768593111,19,T,4
2022/02/18/17:21:22.065722,149,1645222882,64239025,gps_data,42.33712666666667,-71.09060166666667,12.2,327774.6125219299,4689324.768593111,19,T,4
2022/02/18/17:21:23.074218,150,1645222883,73889255,gps_data,42.33712666666667,-71.09060166666667,12.2,327774.6125219299,4689324.768593111,19,T,4
2022/02/18/17:21:24.069665,151,1645222884,68244218,gps_data,42.33712666666667,-71.09060166666667,12.2,327774.6125219299,4689324.768593111,19,T,4
2022/02/18/17:21:25.082320,152,1645222885,80035924,gps_data,42.33712666666667,-71.09060166666667,12.2,327774.6125219299,4689324.768593111,19,T,4
2022/02/18/17:21:26.071238,153,1645222886,68864107,gps_data,42.33712666666667,-71.09060166666667,12.1,327774.6125219299,4689324.768593111,19,T,4
2022/02/18/17:21:27.062086,154,1645222887,61618089,gps_data,42.33712666666667,-71.09060166666667,12.2,327774.6125219299,4689324.768593111,19,T,4
2022/02/18/17:21:28.083448,155,1645222888,81152677,gps_data,42.33712666666667,-71.09060166666667,12.2,327774.6125219299,4689324.768593111,19,T,4
2022/02/18/17:21:29.075929,156,1645222889,74672937,gps_data,42.33712666666667,-71.09060166666667,12.1,327774.6125219299,4689324.768593111,19,T,4
2022/02/18/17:21:30.069341,157,1645222890,67375898,gps_data,42.33712666666667,-71.09060166666667,12.1,327774.6125219299,4689324.768593111,19,T,4
2022/02/18/17:21:31.057416,158,1645222891,57033777,gps_data,42.33712666666667,-71.09060166666667,12.2,327774.6125219299,4689324.768593111,19,T,4
2022/02/18/17:21:32.073230,159,1645222892,72605371,gps_data,42.33712666666667,-71.09060166666667,12.1,327774.6125219299,4689324.768593111,19,T,4
2022/02/18/17:21:33.065730,160,1645222893,64947128,gps_data,42.33712666666667,-71.09060166666667,12.1,327774.6125219299,4689324.768593111,19,T,4
2022/02/18/17:21:34.062466,161,1645222894,60037612,gps_data,42.33712666666667,-71.09060166666667,12.1,327774.6125219299,4689324.768593111,19,T,4
2022/02/18/17:21:35.068436,162,1645222895,68181514,gps_data,42.33712666666667,-71.09060166666667,12.2,327774.6125219299,4689324.768593111,19,T,4
2022/02/18/17:21:36.065766,163,1645222896,63707828,gps_data,42.33712666666667,-71.09060166666667,12.1,327774.6125219299,4689324.768593111,19,T,4
2022/02/18/17:21:37.073019,164,1645222897,70682048,gps_data,42.33712666666667,-71.09060166666667,12.1,327774.6125219299,4689324.768593111,19,T,4
2022/02/18/17:21:38.068420,165,1645222898,66864013,gps_data,42.33712666666667,-71.09060166666667,12.1,327774.6125219299,4689324.768593111,19,T,4
2022/02/18/17:21:39.065473,166,1645222899,63648700,gps_data,42.33712666666667,-71.09060166666667,12.1,327774.6125219299,4689324.768593111,19,T,4
2022/02/18/17:21:40.060023,167,1645222900,57668447,gps_data,42.33712666666667,-71.09060166666667,12.2,327774.6125219299,4689324.768593111,19,T,4
2022/02/18/17:21:41.073113,168,1645222901,70544958,gps_data,42.33712666666667,-71.09060166666667,12.1,327774.6125219299,4689324.768593111,19,T,4
2022/02/18/17:21:42.069075,169,1645222902,66636562,gps_data,42.33712666666667,-71.09060166666667,12.1,327774.6125219299,4689324.768593111,19,T,4
2022/02/18/17:21:43.060639,170,1645222903,59445619,gps_data,42.33712666666667,-71.09060166666667,12.2,327774.6125219299,4689324.768593111,19,T,4
2022/02/18/17:21:44.081630,171,1645222904,78768968,gps_data,42.33712666666667,-71.09060166666667,12.1,327774.6125219299,4689324.768593111,19,T,4
2022/02/18/17:21:45.072509,172,1645222905,72048902,gps_data,42.33712666666667,-71.09060166666667,12.1,327774.6125219299,4689324.768593111,19,T,4
2022/02/18/17:21:46.069139,173,1645222906,67490339,gps_data,42.33712666666667,-71.09060166666667,12.1,327774.6125219299,4689324.768593111,19,T,4
2022/02/18/17:21:47.064598,174,1645222907,62720537,gps_data,42.33712666666667,-71.09060166666667,12.1,327774.6125219299,4689324.768593111,19,T,4
2022/02/18/17:21:48.080108,175,1645222908,76752185,gps_data,42.33712666666667,-71.09060166666667,12.1,327774.6125219299,4689324.768593111,19,T,4
2022/02/18/17:21:49.068956,176,1645222909,68478107,gps_data,42.33712666666667,-71.09060166666667,12.1,327774.6125219299,4689324.768593111,19,T,4
2022/02/18/17:21:50.065893,177,1645222910,65425157,gps_data,42.33712666666667,-71.09060166666667,12.1,327774.6125219299,4689324.768593111,19,T,4
2022/02/18/17:21:51.079155,178,1645222911,77887773,gps_data,42.33712666666667,-71.09060166666667,12.1,327774.6125219299,4689324.768593111,19,T,4
2022/02/18/17:21:52.074838,179,1645222912,72930335,gps_data,42.33712666666667,-71.09060166666667,12.1,327774.6125219299,4689324.768593111,19,T,4
2022/02/18/17:21:53.072042,180,1645222913,69709539,gps_data,42.33712666666667,-71.09060166666667,12.1,327774.6125219299,4689324.768593111,19,T,4
2022/02/18/17:21:54.065148,181,1645222914,63889980,gps_data,42.33712666666667,-71.09060166666667,12.1,327774.6125219299,4689324.768593111,19,T,4
2022/02/18/17:21:55.061767,182,1645222915,60408353,gps_data,42.33712666666667,-71.09060166666667,12.1,327774.6125219299,4689324.768593111,19,T,4
2022/02/18/17:21:56.077343,183,1645222916,75803041,gps_data,42.33712666666667,-71.09060166666667,12.1,327774.6125219299,4689324.768593111,19,T,4
2022/02/18/17:21:57.070421,184,1645222917,68145036,gps_data,42.33712666666667,-71.09060166666667,12.1,327774.6125219299,4689324.768593111,19,T,4
2022/02/18/17:21:58.063363,185,1645222918,61602354,gps_data,42.33712666666667,-71.09060166666667,12.1,327774.6125219299,4689324.768593111,19,T,4
2022/02/18/17:21:59.077184,186,1645222919,75786352,gps_data,42.33712666666667,-71.09060166666667,12.1,327774.6125219299,4689324.768593111,19,T,4
2022/02/18/17:22:00.077992,187,1645222920,75839519,gps_data,42.33712666666667,-71.09060166666667,12.1,327774.6125219299,4689324.768593111,19,T,4
2022/02/18/17:22:01.072757,188,1645222921,70514678,gps_data,42.33712666666667,-71.09060166666667,12.1,327774.6125219299,4689324.768593111,19,T,4
2022/02/18/17:22:02.070372,189,1645222922,68369388,gps_data,42.33712666666667,-71.09060166666667,12.2,327774.6125219299,4689324.768593111,19,T,4
2022/02/18/17:22:03.061525,190,1645222923,60007572,gps_data,42.33712666666667,-71.09060166666667,12.2,327774.6125219299,4689324.768593111,19,T,4
2022/02/18/17:22:04.080536,191,1645222924,79061985,gps_data,42.33712666666667,-71.09060166666667,12.1,327774.6125219299,4689324.768593111,19,T,4
2022/02/18/17:22:05.075937,192,1645222925,75238466,gps_data,42.33712666666667,-71.09060166666667,12.1,327774.6125219299,4689324.768593111,19,T,4
2022/02/18/17:22:06.070168,193,1645222926,68099260,gps_data,42.33712666666667,-71.09060166666667,12.2,327774.6125219299,4689324.768593111,19,T,4
2022/02/18/17:22:07.061339,194,1645222927,60277938,gps_data,42.33712666666667,-71.09060166666667,12.2,327774.6125219299,4689324.768593111,19,T,4
2022/02/18/17:22:08.078452,195,1645222928,76328277,gps_data,42.33712666666667,-71.09060166666667,12.1,327774.6125219299,4689324.768593111,19,T,4
2022/02/18/17:22:09.074248,196,1645222929,72190999,gps_data,42.33712666666667,-71.09060166666667,12.2,327774.6125219299,4689324.768593111,19,T,4
2022/02/18/17:22:10.067879,197,1645222930,67236900,gps_data,42.33712666666667,-71.09060166666667,12.1,327774.6125219299,4689324.768593111,19,T,4
2022/02/18/17:22:11.063165,198,1645222931,61953306,gps_data,42.33712666666667,-71.09060166666667,12.1,327774.6125219299,4689324.768593111,19,T,4
2022/02/18/17:22:12.073313,199,1645222932,72847604,gps_data,42.33712666666667,-71.09060166666667,12.1,327774.6125219299,4689324.768593111,19,T,4
2022/02/18/17:22:13.065823,200,1645222933,63636541,gps_data,42.33712666666667,-71.09060166666667,12.1,327774.6125219299,4689324.768593111,19,T,4
2022/02/18/17:22:14.085484,201,1645222934,82709789,gps_data,42.33712666666667,-71.09060166666667,12.2,327774.6125219299,4689324.768593111,19,T,4
2022/02/18/17:22:15.078744,202,1645222935,78223466,gps_data,42.33712666666667,-71.09060166666667,12.1,327774.6125219299,4689324.768593111,19,T,4
2022/02/18/17:22:16.073880,203,1645222936,71639776,gps_data,42.33712666666667,-71.09060166666667,12.2,327774.6125219299,4689324.768593111,19,T,4
2022/02/18/17:22:17.068986,204,1645222937,68456172,gps_data,42.33712666666667,-71.09060166666667,12.1,327774.6125219299,4689324.768593111,19,T,4
2022/02/18/17:22:18.067410,205,1645222938,64945936,gps_data,42.33712666666667,-71.09060166666667,12.1,327774.6125219299,4689324.768593111,19,T,4
2022/02/18/17:22:19.079247,206,1645222939,77101230,gps_data,42.33712666666667,-71.09060166666667,12.2,327774.6125219299,4689324.768593111,19,T,4
2022/02/18/17:22:20.075252,207,1645222940,73077201,gps_data,42.33712666666667,-71.09060166666667,12.2,327774.6125219299,4689324.768593111,19,T,4
2022/02/18/17:22:21.072516,208,1645222941,70293188,gps_data,42.33712666666667,-71.09060166666667,12.2,327774.6125219299,4689324.768593111,19,T,4
2022/02/18/17:22:22.071698,209,1645222942,71276187,gps_data,42.33712666666667,-71.09060166666667,12.1,327774.6125219299,4689324.768593111,19,T,4
2022/02/18/17:22:23.075260,210,1645222943,74750185,gps_data,42.33712666666667,-71.09060166666667,12.2,327774.6125219299,4689324.768593111,19,T,4
2022/02/18/17:22:24.066603,211,1645222944,65061092,gps_data,42.33712666666667,-71.09060166666667,12.2,327774.6125219299,4689324.768593111,19,T,4
2022/02/18/17:22:25.060612,212,1645222945,58116436,gps_data,42.33712666666667,-71.09060166666667,12.1,327774.6125219299,4689324.768593111,19,T,4
2022/02/18/17:22:26.075295,213,1645222946,72561979,gps_data,42.33712666666667,-71.09060166666667,12.2,327774.6125219299,4689324.768593111,19,T,4
2022/02/18/17:22:27.067509,214,1645222947,65661907,gps_data,42.33712666666667,-71.09060166666667,12.2,327774.6125219299,4689324.768593111,19,T,4
2022/02/18/17:22:28.067959,215,1645222948,66509723,gps_data,42.33712666666667,-71.09060166666667,12.2,327774.6125219299,4689324.768593111,19,T,4
2022/02/18/17:22:29.086416,216,1645222949,84907770,gps_data,42.33712666666667,-71.09060166666667,12.2,327774.6125219299,4689324.768593111,19,T,4
2022/02/18/17:22:30.079214,217,1645222950,78530311,gps_data,42.33712666666667,-71.09060166666667,12.2,327774.6125219299,4689324.768593111,19,T,4
2022/02/18/17:22:31.070152,218,1645222951,68938732,gps_data,42.33712666666667,-71.09060166666667,12.2,327774.6125219299,4689324.768593111,19,T,4
2022/02/18/17:22:32.069339,219,1645222952,67460775,gps_data,42.33712666666667,-71.09060166666667,12.2,327774.6125219299,4689324.768593111,19,T,4
2022/02/18/17:22:33.067653,220,1645222953,65481185,gps_data,42.33712666666667,-71.09060166666667,12.2,327774.6125219299,4689324.768593111,19,T,4
2022/02/18/17:22:34.065655,221,1645222954,63456773,gps_data,42.33712666666667,-71.09060166666667,12.2,327774.6125219299,4689324.768593111,19,T,4
2022/02/18/17:22:35.079332,222,1645222955,77407598,gps_data,42.33712666666667,-71.09060166666667,12.2,327774.6125219299,4689324.768593111,19,T,4
2022/02/18/17:22:36.077990,223,1645222956,76370239,gps_data,42.33712666666667,-71.09060166666667,12.2,327774.6125219299,4689324.768593111,19,T,4
2022/02/18/17:22:37.077086,224,1645222957,76496124,gps_data,42.33712666666667,-71.09060166666667,12.2,327774.6125219299,4689324.768593111,19,T,4
2022/02/18/17:22:38.071887,225,1645222958,71450948,gps_data,42.33712666666667,-71.09060166666667,12.1,327774.6125219299,4689324.768593111,19,T,4
2022/02/18/17:22:39.075366,226,1645222959,72543144,gps_data,42.33712666666667,-71.09060166666667,12.1,327774.6125219299,4689324.768593111,19,T,4
2022/02/18/17:22:40.074939,227,1645222960,74250936,gps_data,42.33712666666667,-71.09060166666667,12.1,327774.6125219299,4689324.768593111,19,T,4
2022/02/18/17:22:41.077042,228,1645222961,74988842,gps_data,42.33712666666667,-71.09060166666667,12.1,327774.6125219299,4689324.768593111,19,T,4
2022/02/18/17:22:42.080230,229,1645222962,77580213,gps_data,42.33712666666667,-71.09060166666667,12.1,327774.6125219299,4689324.768593111,19,T,4
2022/02/18/17:22:43.078914,230,1645222963,77700853,gps_data,42.33712666666667,-71.09060166666667,12.2,327774.6125219299,4689324.768593111,19,T,4
2022/02/18/17:22:44.080639,231,1645222964,79331398,gps_data,42.33712666666667,-71.09060166666667,12.2,327774.6125219299,4689324.768593111,19,T,4
2022/02/18/17:22:45.081219,232,1645222965,79263687,gps_data,42.33712666666667,-71.09060166666667,12.2,327774.6125219299,4689324.768593111,19,T,4
2022/02/18/17:22:46.078417,233,1645222966,75593948,gps_data,42.33712666666667,-71.09060166666667,12.1,327774.6125219299,4689324.768593111,19,T,4
2022/02/18/17:22:47.076452,234,1645222967,75594663,gps_data,42.33712666666667,-71.09060166666667,12.1,327774.6125219299,4689324.768593111,19,T,4
2022/02/18/17:22:48.078508,235,1645222968,76240539,gps_data,42.33712666666667,-71.09060166666667,12.1,327774.6125219299,4689324.768593111,19,T,4
2022/02/18/17:22:49.073996,236,1645222969,72605609,gps_data,42.33712666666667,-71.09060166666667,12.1,327774.6125219299,4689324.768593111,19,T,4
2022/02/18/17:22:50.068654,237,1645222970,68018913,gps_data,42.33712666666667,-71.09060166666667,12.2,327774.6125219299,4689324.768593111,19,T,4
2022/02/18/17:22:51.066489,238,1645222971,64687013,gps_data,42.33712666666667,-71.09060166666667,12.1,327774.6125219299,4689324.768593111,19,T,4
2022/02/18/17:22:52.064527,239,1645222972,61173677,gps_data,42.33712666666667,-71.09060166666667,12.1,327774.6125219299,4689324.768593111,19,T,4
2022/02/18/17:22:53.078481,240,1645222973,77688217,gps_data,42.33712666666667,-71.09060166666667,12.1,327774.6125219299,4689324.768593111,19,T,4
2022/02/18/17:22:54.079690,241,1645222974,77217817,gps_data,42.33712666666667,-71.09060166666667,12.1,327774.6125219299,4689324.768593111,19,T,4
2022/02/18/17:22:55.075334,242,1645222975,74132204,gps_data,42.33712666666667,-71.09060166666667,12.2,327774.6125219299,4689324.768593111,19,T,4
2022/02/18/17:22:56.072836,243,1645222976,72250366,gps_data,42.33712666666667,-71.09060166666667,12.2,327774.6125219299,4689324.768593111,19,T,4
2022/02/18/17:22:57.068981,244,1645222977,66252231,gps_data,42.33712666666667,-71.09060166666667,12.1,327774.6125219299,4689324.768593111,19,T,4
2022/02/18/17:22:58.065163,245,1645222978,64594507,gps_data,42.33712666666667,-71.09060166666667,12.2,327774.6125219299,4689324.768593111,19,T,4
2022/02/18/17:22:59.066093,246,1645222979,64377069,gps_data,42.33712666666667,-71.09060166666667,12.1,327774.6125219299,4689324.768593111,19,T,4
2022/02/18/17:23:00.078545,247,1645222980,78249692,gps_data,42.33712666666667,-71.09060166666667,12.1,327774.6125219299,4689324.768593111,19,T,4
2022/02/18/17:23:01.062078,248,1645222981,61607122,gps_data,42.33712666666667,-71.09060166666667,12.1,327774.6125219299,4689324.768593111,19,T,4
2022/02/18/17:23:02.078331,249,1645222982,77901363,gps_data,42.33712666666667,-71.09060166666667,12.2,327774.6125219299,4689324.768593111,19,T,4
2022/02/18/17:23:03.077663,250,1645222983,75686931,gps_data,42.33712666666667,-71.09060166666667,12.2,327774.6125219299,4689324.768593111,19,T,4
2022/02/18/17:23:04.075349,251,1645222984,74781656,gps_data,42.33712666666667,-71.09060166666667,12.1,327774.6125219299,4689324.768593111,19,T,4
2022/02/18/17:23:05.074853,252,1645222985,71529865,gps_data,42.33712666666667,-71.09060166666667,12.2,327774.6125219299,4689324.768593111,19,T,4
2022/02/18/17:23:06.068020,253,1645222986,65827369,gps_data,42.33712666666667,-71.09060166666667,12.2,327774.6125219299,4689324.768593111,19,T,4
2022/02/18/17:23:07.067827,254,1645222987,66795349,gps_data,42.33712666666667,-71.09060166666667,12.2,327774.6125219299,4689324.768593111,19,T,4
2022/02/18/17:23:08.070984,255,1645222988,69379568,gps_data,42.33712666666667,-71.09060166666667,12.2,327774.6125219299,4689324.768593111,19,T,4
2022/02/18/17:23:09.067135,256,1645222989,64850091,gps_data,42.33712666666667,-71.09060166666667,12.2,327774.6125219299,4689324.768593111,19,T,4
2022/02/18/17:23:10.066209,257,1645222990,63943624,gps_data,42.33712666666667,-71.09060166666667,12.2,327774.6125219299,4689324.768593111,19,T,4
2022/02/18/17:23:11.081009,258,1645222991,80655097,gps_data,42.33712666666667,-71.09060166666667,12.2,327774.6125219299,4689324.768593111,19,T,4
2022/02/18/17:23:12.082689,259,1645222992,80170392,gps_data,42.33712666666667,-71.09060166666667,12.2,327774.6125219299,4689324.768593111,19,T,4
2022/02/18/17:23:13.076268,260,1645222993,75577259,gps_data,42.33712666666667,-71.09060166666667,12.2,327774.6125219299,4689324.768593111,19,T,4
2022/02/18/17:23:14.075643,261,1645222994,73263645,gps_data,42.33712666666667,-71.09060166666667,12.1,327774.6125219299,4689324.768593111,19,T,4
2022/02/18/17:23:15.067925,262,1645222995,67588329,gps_data,42.33712666666667,-71.09060166666667,12.1,327774.6125219299,4689324.768593111,19,T,4
2022/02/18/17:23:16.072064,263,1645222996,71393013,gps_data,42.33712666666667,-71.09060166666667,12.2,327774.6125219299,4689324.768593111,19,T,4
2022/02/18/17:23:17.074808,264,1645222997,74231863,gps_data,42.33712666666667,-71.09060166666667,12.1,327774.6125219299,4689324.768593111,19,T,4
2022/02/18/17:23:18.076213,265,1645222998,73829174,gps_data,42.33712666666667,-71.09060166666667,12.2,327774.6125219299,4689324.768593111,19,T,4
2022/02/18/17:23:19.076875,266,1645222999,75541496,gps_data,42.33712666666667,-71.09060166666667,12.2,327774.6125219299,4689324.768593111,19,T,4
2022/02/18/17:23:20.076865,267,1645223000,75492858,gps_data,42.33712666666667,-71.09060166666667,12.2,327774.6125219299,4689324.768593111,19,T,4
2022/02/18/17:23:21.071183,268,1645223001,70516109,gps_data,42.33712666666667,-71.09060166666667,12.2,327774.6125219299,4689324.768593111,19,T,4
2022/02/18/17:23:22.072283,269,1645223002,70176362,gps_data,42.33712666666667,-71.09060166666667,12.1,327774.6125219299,4689324.768593111,19,T,4
2022/02/18/17:23:23.070875,270,1645223003,69928646,gps_data,42.33712666666667,-71.09060166666667,12.2,327774.6125219299,4689324.768593111,19,T,4
2022/02/18/17:23:24.070004,271,1645223004,68437337,gps_data,42.33712666666667,-71.09060166666667,12.1,327774.6125219299,4689324.768593111,19,T,4
2022/02/18/17:23:25.068731,272,1645223005,66264152,gps_data,42.33712666666667,-71.09060166666667,12.1,327774.6125219299,4689324.768593111,19,T,4
2022/02/18/17:23:26.088878,273,1645223006,86348295,gps_data,42.33712666666667,-71.09060166666667,12.1,327774.6125219299,4689324.768593111,19,T,4
2022/02/18/17:23:27.067396,274,1645223007,65334320,gps_data,42.33712666666667,-71.09060166666667,12.2,327774.6125219299,4689324.768593111,19,T,4
2022/02/18/17:23:28.070442,275,1645223008,69083929,gps_data,42.33712666666667,-71.09060166666667,12.2,327774.6125219299,4689324.768593111,19,T,4
2022/02/18/17:23:29.072538,276,1645223009,70252180,gps_data,42.33712666666667,-71.09060166666667,12.2,327774.6125219299,4689324.768593111,19,T,4
2022/02/18/17:23:30.077200,277,1645223010,75032234,gps_data,42.33712666666667,-71.09060166666667,12.1,327774.6125219299,4689324.768593111,19,T,4
2022/02/18/17:23:31.073231,278,1645223011,71965456,gps_data,42.33712666666667,-71.09060166666667,12.1,327774.6125219299,4689324.768593111,19,T,4
2022/02/18/17:23:32.073088,279,1645223012,71596622,gps_data,42.33712666666667,-71.09060166666667,12.1,327774.6125219299,4689324.768593111,19,T,4
2022/02/18/17:23:33.083413,280,1645223013,81302642,gps_data,42.33712666666667,-71.09060166666667,12.1,327774.6125219299,4689324.768593111,19,T,4
2022/02/18/17:23:34.080673,281,1645223014,79325437,gps_data,42.33712666666667,-71.09060166666667,12.1,327774.6125219299,4689324.768593111,19,T,4
2022/02/18/17:23:35.078104,282,1645223015,76725959,gps_data,42.33712666666667,-71.09060166666667,12.1,327774.6125219299,4689324.768593111,19,T,4
2022/02/18/17:23:36.079306,283,1645223016,78688144,gps_data,42.33712666666667,-71.09060166666667,12.1,327774.6125219299,4689324.768593111,19,T,4
2022/02/18/17:23:37.061909,284,1645223017,59550285,gps_data,42.33712666666667,-71.09060166666667,12.1,327774.6125219299,4689324.768593111,19,T,4
2022/02/18/17:23:38.081296,285,1645223018,80561637,gps_data,42.33712666666667,-71.09060166666667,12.1,327774.6125219299,4689324.768593111,19,T,4
2022/02/18/17:23:39.076694,286,1645223019,76222896,gps_data,42.33712666666667,-71.09060166666667,12.1,327774.6125219299,4689324.768593111,19,T,4
2022/02/18/17:23:40.072057,287,1645223020,71601152,gps_data,42.33712666666667,-71.09060166666667,12.2,327774.6125219299,4689324.768593111,19,T,4
2022/02/18/17:23:41.071239,288,1645223021,69043874,gps_data,42.33712666666667,-71.09060166666667,12.2,327774.6125219299,4689324.768593111,19,T,4
2022/02/18/17:23:42.066773,289,1645223022,64787626,gps_data,42.33712666666667,-71.09060166666667,12.2,327774.6125219299,4689324.768593111,19,T,4
2022/02/18/17:23:43.076259,290,1645223023,75697422,gps_data,42.33712666666667,-71.09060166666667,12.2,327774.6125219299,4689324.768593111,19,T,4
2022/02/18/17:23:44.073721,291,1645223024,73144912,gps_data,42.33712666666667,-71.09060166666667,12.2,327774.6125219299,4689324.768593111,19,T,4
2022/02/18/17:23:45.068825,292,1645223025,68279743,gps_data,42.33712666666667,-71.09060166666667,12.2,327774.6125219299,4689324.768593111,19,T,4
2022/02/18/17:23:46.066164,293,1645223026,65488100,gps_data,42.33712666666667,-71.09060166666667,12.2,327774.6125219299,4689324.768593111,19,T,4
2022/02/18/17:23:47.082369,294,1645223027,81136703,gps_data,42.33712666666667,-71.09060166666667,12.2,327774.6125219299,4689324.768593111,19,T,4
2022/02/18/17:23:48.075002,295,1645223028,74318885,gps_data,42.33712666666667,-71.09060166666667,12.2,327774.6125219299,4689324.768593111,19,T,4
2022/02/18/17:23:49.068965,296,1645223029,68275928,gps_data,42.33712666666667,-71.09060166666667,12.2,327774.6125219299,4689324.768593111,19,T,4
2022/02/18/17:23:50.086791,297,1645223030,86298465,gps_data,42.33712666666667,-71.09060166666667,12.2,327774.6125219299,4689324.768593111,19,T,4
2022/02/18/17:23:51.081226,298,1645223031,79860925,gps_data,42.33712666666667,-71.09060166666667,12.2,327774.6125219299,4689324.768593111,19,T,4
2022/02/18/17:23:52.080954,299,1645223032,78855276,gps_data,42.33712666666667,-71.09060166666667,12.2,327774.6125219299,4689324.768593111,19,T,4
2022/02/18/17:23:53.079999,300,1645223033,78692436,gps_data,42.33712666666667,-71.09060166666667,12.2,327774.6125219299,4689324.768593111,19,T,4
2022/02/18/17:23:54.079118,301,1645223034,76727867,gps_data,42.33712666666667,-71.09060166666667,12.2,327774.6125219299,4689324.768593111,19,T,4
2022/02/18/17:23:55.075176,302,1645223035,73259830,gps_data,42.33712666666667,-71.09060166666667,12.2,327774.6125219299,4689324.768593111,19,T,4
2022/02/18/17:23:56.072448,303,1645223036,70229530,gps_data,42.33712666666667,-71.09060166666667,12.2,327774.6125219299,4689324.768593111,19,T,4
2022/02/18/17:23:57.067936,304,1645223037,65394401,gps_data,42.33712666666667,-71.09060166666667,12.2,327774.6125219299,4689324.768593111,19,T,4
2022/02/18/17:23:58.088183,305,1645223038,85821866,gps_data,42.33712666666667,-71.09060166666667,12.2,327774.6125219299,4689324.768593111,19,T,4
2022/02/18/17:23:59.083273,306,1645223039,82783937,gps_data,42.33712666666667,-71.09060166666667,12.2,327774.6125219299,4689324.768593111,19,T,4
2022/02/18/17:24:00.080538,307,1645223040,77365398,gps_data,42.33712666666667,-71.09060166666667,12.2,327774.6125219299,4689324.768593111,19,T,4
2022/02/18/17:24:01.080365,308,1645223041,77781677,gps_data,42.33712666666667,-71.09060166666667,12.2,327774.6125219299,4689324.768593111,19,T,4
2022/02/18/17:24:02.086748,309,1645223042,84938287,gps_data,42.33712666666667,-71.09060166666667,12.2,327774.6125219299,4689324.768593111,19,T,4
2022/02/18/17:24:03.065396,310,1645223043,64872264,gps_data,42.33712666666667,-71.09060166666667,12.2,327774.6125219299,4689324.768593111,19,T,4
2022/02/18/17:24:04.067247,311,1645223044,64877033,gps_data,42.33712666666667,-71.09060166666667,12.2,327774.6125219299,4689324.768593111,19,T,4
2022/02/18/17:24:05.064975,312,1645223045,63216447,gps_data,42.33712666666667,-71.09060166666667,12.2,327774.6125219299,4689324.768593111,19,T,4
2022/02/18/17:24:06.064196,313,1645223046,62796115,gps_data,42.33712666666667,-71.09060166666667,12.2,327774.6125219299,4689324.768593111,19,T,4
2022/02/18/17:24:07.084804,314,1645223047,83822250,gps_data,42.33712666666667,-71.09060166666667,12.2,327774.6125219299,4689324.768593111,19,T,4
2022/02/18/17:24:08.067108,315,1645223048,64668416,gps_data,42.33712666666667,-71.09060166666667,12.2,327774.6125219299,4689324.768593111,19,T,4
2022/02/18/17:24:09.064706,316,1645223049,64174413,gps_data,42.33712666666667,-71.09060166666667,12.2,327774.6125219299,4689324.768593111,19,T,4
2022/02/18/17:24:10.070293,317,1645223050,68893909,gps_data,42.33712666666667,-71.09060166666667,12.1,327774.6125219299,4689324.768593111,19,T,4
2022/02/18/17:24:11.084064,318,1645223051,83753824,gps_data,42.33712666666667,-71.09060166666667,12.1,327774.6125219299,4689324.768593111,19,T,4
2022/02/18/17:24:12.076750,319,1645223052,76349735,gps_data,42.33712666666667,-71.09060166666667,12.2,327774.6125219299,4689324.768593111,19,T,4
2022/02/18/17:24:13.071213,320,1645223053,70485353,gps_data,42.33712666666667,-71.09060166666667,12.1,327774.6125219299,4689324.768593111,19,T,4
2022/02/18/17:24:14.082591,321,1645223054,82098960,gps_data,42.33712666666667,-71.09060166666667,12.2,327774.6125219299,4689324.768593111,19,T,4
2022/02/18/17:24:15.071397,322,1645223055,71085214,gps_data,42.33712666666667,-71.09060166666667,12.1,327774.6125219299,4689324.768593111,19,T,4
2022/02/18/17:24:16.070008,323,1645223056,69289207,gps_data,42.33712666666667,-71.09060166666667,12.2,327774.6125219299,4689324.768593111,19,T,4
2022/02/18/17:24:17.071679,324,1645223057,71091413,gps_data,42.33712666666667,-71.09060166666667,12.2,327774.6125219299,4689324.768593111,19,T,4
2022/02/18/17:24:18.067985,325,1645223058,67556858,gps_data,42.33712666666667,-71.09060166666667,12.1,327774.6125219299,4689324.768593111,19,T,4
2022/02/18/17:24:19.063617,326,1645223059,63262939,gps_data,42.33712666666667,-71.09060166666667,12.2,327774.6125219299,4689324.768593111,19,T,4
2022/02/18/17:24:20.079483,327,1645223060,78760385,gps_data,42.33712666666667,-71.09060166666667,12.1,327774.6125219299,4689324.768593111,19,T,4
2022/02/18/17:24:21.075498,328,1645223061,75143575,gps_data,42.33712666666667,-71.09060166666667,12.2,327774.6125219299,4689324.768593111,19,T,4
2022/02/18/17:24:22.072214,329,1645223062,71743726,gps_data,42.33712666666667,-71.09060166666667,12.2,327774.6125219299,4689324.768593111,19,T,4
2022/02/18/17:24:23.067057,330,1645223063,65741777,gps_data,42.33712666666667,-71.09060166666667,12.1,327774.6125219299,4689324.768593111,19,T,4
2022/02/18/17:24:24.067426,331,1645223064,64519405,gps_data,42.33712666666667,-71.09060166666667,12.2,327774.6125219299,4689324.768593111,19,T,4
2022/02/18/17:24:25.067871,332,1645223065,67309617,gps_data,42.33712666666667,-71.09060166666667,12.1,327774.6125219299,4689324.768593111,19,T,4
2022/02/18/17:24:26.066717,333,1645223066,66178560,gps_data,42.33712666666667,-71.09060166666667,12.2,327774.6125219299,4689324.768593111,19,T,4
2022/02/18/17:24:27.081952,334,1645223067,81569910,gps_data,42.33712666666667,-71.09060166666667,12.1,327774.6125219299,4689324.768593111,19,T,4
2022/02/18/17:24:28.081617,335,1645223068,80940723,gps_data,42.33712666666667,-71.09060166666667,12.1,327774.6125219299,4689324.768593111,19,T,4
2022/02/18/17:24:29.076951,336,1645223069,75912237,gps_data,42.33712666666667,-71.09060166666667,12.1,327774.6125219299,4689324.768593111,19,T,4
2022/02/18/17:24:30.069107,337,1645223070,68574666,gps_data,42.33712666666667,-71.09060166666667,12.2,327774.6125219299,4689324.768593111,19,T,4
2022/02/18/17:24:31.062659,338,1645223071,62253475,gps_data,42.33712666666667,-71.09060166666667,12.2,327774.6125219299,4689324.768593111,19,T,4
2022/02/18/17:24:32.080280,339,1645223072,77747344,gps_data,42.33712666666667,-71.09060166666667,12.2,327774.6125219299,4689324.768593111,19,T,4
2022/02/18/17:24:33.068000,340,1645223073,65652132,gps_data,42.33712666666667,-71.09060166666667,12.2,327774.6125219299,4689324.768593111,19,T,4
2022/02/18/17:24:34.070222,341,1645223074,67680358,gps_data,42.33712666666667,-71.09060166666667,12.2,327774.6125219299,4689324.768593111,19,T,4
2022/02/18/17:24:35.064433,342,1645223075,63927412,gps_data,42.33712666666667,-71.09060166666667,12.2,327774.6125219299,4689324.768593111,19,T,4
2022/02/18/17:24:36.088651,343,1645223076,86326837,gps_data,42.33712666666667,-71.09060166666667,12.1,327774.6125219299,4689324.768593111,19,T,4
2022/02/18/17:24:37.061911,344,1645223077,61216831,gps_data,42.33712666666667,-71.09060166666667,12.1,327774.6125219299,4689324.768593111,19,T,4
2022/02/18/17:24:38.080614,345,1645223078,79241514,gps_data,42.33712666666667,-71.09060166666667,12.1,327774.6125219299,4689324.768593111,19,T,4
2022/02/18/17:24:39.078312,346,1645223079,77062368,gps_data,42.33712666666667,-71.09060166666667,12.1,327774.6125219299,4689324.768593111,19,T,4
2022/02/18/17:24:40.076922,347,1645223080,76503753,gps_data,42.33712666666667,-71.09060166666667,12.1,327774.6125219299,4689324.768593111,19,T,4
2022/02/18/17:24:41.074021,348,1645223081,73457241,gps_data,42.33712666666667,-71.09060166666667,12.1,327774.6125219299,4689324.768593111,19,T,4
2022/02/18/17:24:42.070913,349,1645223082,68712472,gps_data,42.33712666666667,-71.09060166666667,12.2,327774.6125219299,4689324.768593111,19,T,4
2022/02/18/17:24:43.083754,350,1645223083,82412958,gps_data,42.33712666666667,-71.09060166666667,12.2,327774.6125219299,4689324.768593111,19,T,4
2022/02/18/17:24:44.080419,351,1645223084,78978538,gps_data,42.33712666666667,-71.09060166666667,12.1,327774.6125219299,4689324.768593111,19,T,4
2022/02/18/17:24:45.080254,352,1645223085,77962398,gps_data,42.33712666666667,-71.09060166666667,12.1,327774.6125219299,4689324.768593111,19,T,4
2022/02/18/17:24:46.075127,353,1645223086,73722124,gps_data,42.33712666666667,-71.09060166666667,12.1,327774.6125219299,4689324.768593111,19,T,4
2022/02/18/17:24:47.067303,354,1645223087,65949201,gps_data,42.33712666666667,-71.09060166666667,12.2,327774.6125219299,4689324.768593111,19,T,4
2022/02/18/17:24:48.081108,355,1645223088,79147100,gps_data,42.33712666666667,-71.09060166666667,12.1,327774.6125219299,4689324.768593111,19,T,4
2022/02/18/17:24:49.078471,356,1645223089,76413869,gps_data,42.33712666666667,-71.09060166666667,12.1,327774.6125219299,4689324.768593111,19,T,4
2022/02/18/17:24:50.077657,357,1645223090,76278924,gps_data,42.33712666666667,-71.09060166666667,12.2,327774.6125219299,4689324.768593111,19,T,4
2022/02/18/17:24:51.071080,358,1645223091,69677114,gps_data,42.33712666666667,-71.09060166666667,12.2,327774.6125219299,4689324.768593111,19,T,4
2022/02/18/17:24:52.069619,359,1645223092,67507982,gps_data,42.33712666666667,-71.09060166666667,12.2,327774.6125219299,4689324.768593111,19,T,4
2022/02/18/17:24:53.067946,360,1645223093,66959142,gps_data,42.33712666666667,-71.09060166666667,12.2,327774.6125219299,4689324.768593111,19,T,4
2022/02/18/17:24:54.074705,361,1645223094,72416782,gps_data,42.33712666666667,-71.09060166666667,12.2,327774.6125219299,4689324.768593111,19,T,4
2022/02/18/17:24:55.069968,362,1645223095,67705154,gps_data,42.33712666666667,-71.09060166666667,12.1,327774.6125219299,4689324.768593111,19,T,4
2022/02/18/17:24:56.066816,363,1645223096,64525604,gps_data,42.33712666666667,-71.09060166666667,12.1,327774.6125219299,4689324.768593111,19,T,4
2022/02/18/17:24:57.085680,364,1645223097,85130214,gps_data,42.33712666666667,-71.09060166666667,12.1,327774.6125219299,4689324.768593111,19,T,4
2022/02/18/17:24:58.080665,365,1645223098,78658103,gps_data,42.33712666666667,-71.09060166666667,12.1,327774.6125219299,4689324.768593111,19,T,4
2022/02/18/17:24:59.073505,366,1645223099,72099208,gps_data,42.33712666666667,-71.09060166666667,12.1,327774.6125219299,4689324.768593111,19,T,4
2022/02/18/17:25:00.067466,367,1645223100,66938877,gps_data,42.33712666666667,-71.09060166666667,12.1,327774.6125219299,4689324.768593111,19,T,4
2022/02/18/17:25:01.068097,368,1645223101,66002368,gps_data,42.33712666666667,-71.09060166666667,12.1,327774.6125219299,4689324.768593111,19,T,4
2022/02/18/17:25:02.080302,369,1645223102,78067302,gps_data,42.33712666666667,-71.09060166666667,12.1,327774.6125219299,4689324.768593111,19,T,4
2022/02/18/17:25:03.072026,370,1645223103,70848464,gps_data,42.33712666666667,-71.09060166666667,12.2,327774.6125219299,4689324.768593111,19,T,4
2022/02/18/17:25:04.069273,371,1645223104,66821336,gps_data,42.33712666666667,-71.09060166666667,12.2,327774.6125219299,4689324.768593111,19,T,4
2022/02/18/17:25:05.087455,372,1645223105,86955547,gps_data,42.33712666666667,-71.09060166666667,12.2,327774.6125219299,4689324.768593111,19,T,4
2022/02/18/17:25:06.068763,373,1645223106,66581964,gps_data,42.33712666666667,-71.09060166666667,12.1,327774.6125219299,4689324.768593111,19,T,4
2022/02/18/17:25:07.063560,374,1645223107,62302112,gps_data,42.33712666666667,-71.09060166666667,12.2,327774.6125219299,4689324.768593111,19,T,4
2022/02/18/17:25:08.082433,375,1645223108,80261945,gps_data,42.33712666666667,-71.09060166666667,12.1,327774.6125219299,4689324.768593111,19,T,4
2022/02/18/17:25:09.077784,376,1645223109,76936006,gps_data,42.33712666666667,-71.09060166666667,12.1,327774.6125219299,4689324.768593111,19,T,4
2022/02/18/17:25:10.075835,377,1645223110,73416709,gps_data,42.33712666666667,-71.09060166666667,12.2,327774.6125219299,4689324.768593111,19,T,4
2022/02/18/17:25:11.069240,378,1645223111,68877458,gps_data,42.33712666666667,-71.09060166666667,12.2,327774.6125219299,4689324.768593111,19,T,4
2022/02/18/17:25:12.067447,379,1645223112,65203189,gps_data,42.33712666666667,-71.09060166666667,12.2,327774.6125219299,4689324.768593111,19,T,4
2022/02/18/17:25:13.083655,380,1645223113,81278800,gps_data,42.33712666666667,-71.09060166666667,12.2,327774.6125219299,4689324.768593111,19,T,4
2022/02/18/17:25:14.081386,381,1645223114,79191923,gps_data,42.33712666666667,-71.09060166666667,12.2,327774.6125219299,4689324.768593111,19,T,4
2022/02/18/17:25:15.074399,382,1645223115,74016571,gps_data,42.33712666666667,-71.09060166666667,12.1,327774.6125219299,4689324.768593111,19,T,4
2022/02/18/17:25:16.091952,383,1645223116,90411663,gps_data,42.33712666666667,-71.09060166666667,12.2,327774.6125219299,4689324.768593111,19,T,4
2022/02/18/17:25:17.068969,384,1645223117,67472696,gps_data,42.33712666666667,-71.09060166666667,12.2,327774.6125219299,4689324.768593111,19,T,4
2022/02/18/17:25:18.082565,385,1645223118,81873416,gps_data,42.33712666666667,-71.09060166666667,12.2,327774.6125219299,4689324.768593111,19,T,4
2022/02/18/17:25:19.075465,386,1645223119,75076103,gps_data,42.33712666666667,-71.09060166666667,12.2,327774.6125219299,4689324.768593111,19,T,4
2022/02/18/17:25:20.072559,387,1645223120,71969509,gps_data,42.33712666666667,-71.09060166666667,12.2,327774.6125219299,4689324.768593111,19,T,4
2022/02/18/17:25:21.075910,388,1645223121,73563098,gps_data,42.33712666666667,-71.09060166666667,12.2,327774.6125219299,4689324.768593111,19,T,4
2022/02/18/17:25:22.068977,389,1645223122,67711114,gps_data,42.33712666666667,-71.09060166666667,12.2,327774.6125219299,4689324.768593111,19,T,4
2022/02/18/17:25:23.067025,390,1645223123,65754890,gps_data,42.33712666666667,-71.09060166666667,12.2,327774.6125219299,4689324.768593111,19,T,4
2022/02/18/17:25:24.066615,391,1645223124,63777208,gps_data,42.33712666666667,-71.09060166666667,12.2,327774.6125219299,4689324.768593111,19,T,4
2022/02/18/17:25:25.064157,392,1645223125,61722517,gps_data,42.33712666666667,-71.09060166666667,12.2,327774.6125219299,4689324.768593111,19,T,4
2022/02/18/17:25:26.081775,393,1645223126,79733848,gps_data,42.33712666666667,-71.09060166666667,12.2,327774.6125219299,4689324.768593111,19,T,4
2022/02/18/17:25:27.073643,394,1645223127,71738481,gps_data,42.33712666666667,-71.09060166666667,12.2,327774.6125219299,4689324.768593111,19,T,4
2022/02/18/17:25:28.067803,395,1645223128,65112352,gps_data,42.33712666666667,-71.09060166666667,12.2,327774.6125219299,4689324.768593111,19,T,4
2022/02/18/17:25:29.067607,396,1645223129,65293788,gps_data,42.33712666666667,-71.09060166666667,12.2,327774.6125219299,4689324.768593111,19,T,4
2022/02/18/17:25:30.083203,397,1645223130,81061124,gps_data,42.33712666666667,-71.09060166666667,12.2,327774.6125219299,4689324.768593111,19,T,4
2022/02/18/17:25:31.078247,398,1645223131,77743768,gps_data,42.33712666666667,-71.09060166666667,12.2,327774.6125219299,4689324.768593111,19,T,4
2022/02/18/17:25:32.078526,399,1645223132,75571298,gps_data,42.33712666666667,-71.09060166666667,12.2,327774.6125219299,4689324.768593111,19,T,4
2022/02/18/17:25:33.071583,400,1645223133,69234848,gps_data,42.33712666666667,-71.09060166666667,12.2,327774.6125219299,4689324.768593111,19,T,4
2022/02/18/17:25:34.071956,401,1645223134,71312427,gps_data,42.33712666666667,-71.09060166666667,12.2,327774.6125219299,4689324.768593111,19,T,4
2022/02/18/17:25:35.068130,402,1645223135,67769765,gps_data,42.33712666666667,-71.09060166666667,12.2,327774.6125219299,4689324.768593111,19,T,4
2022/02/18/17:25:36.072167,403,1645223136,69675683,gps_data,42.33712666666667,-71.09060166666667,12.2,327774.6125219299,4689324.768593111,19,T,4
2022/02/18/17:25:37.066292,404,1645223137,64954280,gps_data,42.33712666666667,-71.09060166666667,12.2,327774.6125219299,4689324.768593111,19,T,4
2022/02/18/17:25:38.075668,405,1645223138,73992013,gps_data,42.33712666666667,-71.09060166666667,12.2,327774.6125219299,4689324.768593111,19,T,4
2022/02/18/17:25:39.076882,406,1645223139,75532197,gps_data,42.33712666666667,-71.09060166666667,12.2,327774.6125219299,4689324.768593111,19,T,4
2022/02/18/17:25:40.085171,407,1645223140,84425926,gps_data,42.33712666666667,-71.09060166666667,12.2,327774.6125219299,4689324.768593111,19,T,4
2022/02/18/17:25:41.067855,408,1645223141,65031528,gps_data,42.33712666666667,-71.09060166666667,12.2,327774.6125219299,4689324.768593111,19,T,4
2022/02/18/17:25:42.067502,409,1645223142,66775560,gps_data,42.33712666666667,-71.09060166666667,12.2,327774.6125219299,4689324.768593111,19,T,4
2022/02/18/17:25:43.065529,410,1645223143,64120054,gps_data,42.33712666666667,-71.09060166666667,12.2,327774.6125219299,4689324.768593111,19,T,4
2022/02/18/17:25:44.082075,411,1645223144,79874277,gps_data,42.33712666666667,-71.09060166666667,12.2,327774.6125219299,4689324.768593111,19,T,4
2022/02/18/17:25:45.082647,412,1645223145,80385446,gps_data,42.33712666666667,-71.09060166666667,12.2,327774.6125219299,4689324.768593111,19,T,4
2022/02/18/17:25:46.081200,413,1645223146,77707290,gps_data,42.33712666666667,-71.09060166666667,12.1,327774.6125219299,4689324.768593111,19,T,4
2022/02/18/17:25:47.074006,414,1645223147,72114467,gps_data,42.33712666666667,-71.09060166666667,12.2,327774.6125219299,4689324.768593111,19,T,4
2022/02/18/17:25:48.072422,415,1645223148,70269584,gps_data,42.33712666666667,-71.09060166666667,12.2,327774.6125219299,4689324.768593111,19,T,4
2022/02/18/17:25:49.068809,416,1645223149,66736459,gps_data,42.33712666666667,-71.09060166666667,12.2,327774.6125219299,4689324.768593111,19,T,4
2022/02/18/17:25:50.079518,417,1645223150,78116655,gps_data,42.33712666666667,-71.09060166666667,12.2,327774.6125219299,4689324.768593111,19,T,4
2022/02/18/17:25:51.076139,418,1645223151,75117588,gps_data,42.33712666666667,-71.09060166666667,12.1,327774.6125219299,4689324.768593111,19,T,4
2022/02/18/17:25:52.078015,419,1645223152,75847625,gps_data,42.33712666666667,-71.09060166666667,12.2,327774.6125219299,4689324.768593111,19,T,4
2022/02/18/17:25:53.073668,420,1645223153,73183298,gps_data,42.33712666666667,-71.09060166666667,12.2,327774.6125219299,4689324.768593111,19,T,4
2022/02/18/17:25:54.075575,421,1645223154,73945283,gps_data,42.33712666666667,-71.09060166666667,12.2,327774.6125219299,4689324.768593111,19,T,4
2022/02/18/17:25:55.072821,422,1645223155,72502613,gps_data,42.33712666666667,-71.09060166666667,12.2,327774.6125219299,4689324.768593111,19,T,4
2022/02/18/17:25:56.072513,423,1645223156,70122003,gps_data,42.33712666666667,-71.09060166666667,12.2,327774.6125219299,4689324.768593111,19,T,4
2022/02/18/17:25:57.067320,424,1645223157,66523551,gps_data,42.33712666666667,-71.09060166666667,12.2,327774.6125219299,4689324.768593111,19,T,4
2022/02/18/17:25:58.080101,425,1645223158,78525066,gps_data,42.33712666666667,-71.09060166666667,12.2,327774.6125219299,4689324.768593111,19,T,4
2022/02/18/17:25:59.075874,426,1645223159,74647665,gps_data,42.33712666666667,-71.09060166666667,12.2,327774.6125219299,4689324.768593111,19,T,4
2022/02/18/17:26:00.070090,427,1645223160,68596839,gps_data,42.33712666666667,-71.09060166666667,12.2,327774.6125219299,4689324.768593111,19,T,4
2022/02/18/17:26:01.066061,428,1645223161,65406799,gps_data,42.33712666666667,-71.09060166666667,12.2,327774.6125219299,4689324.768593111,19,T,4
2022/02/18/17:26:02.088200,429,1645223162,86719036,gps_data,42.33712666666667,-71.09060166666667,12.2,327774.6125219299,4689324.768593111,19,T,4
2022/02/18/17:26:03.064728,430,1645223163,64369201,gps_data,42.33712666666667,-71.09060166666667,12.1,327774.6125219299,4689324.768593111,19,T,4
2022/02/18/17:26:04.071825,431,1645223164,69321155,gps_data,42.33712666666667,-71.09060166666667,12.1,327774.6125219299,4689324.768593111,19,T,4
2022/02/18/17:26:05.069640,432,1645223165,67952394,gps_data,42.33712666666667,-71.09060166666667,12.1,327774.6125219299,4689324.768593111,19,T,4
2022/02/18/17:26:06.084864,433,1645223166,82391023,gps_data,42.33712666666667,-71.09060166666667,12.1,327774.6125219299,4689324.768593111,19,T,4
2022/02/18/17:26:07.078950,434,1645223167,77643871,gps_data,42.33712666666667,-71.09060166666667,12.2,327774.6125219299,4689324.768593111,19,T,4
2022/02/18/17:26:08.077828,435,1645223168,77363967,gps_data,42.33712666666667,-71.09060166666667,12.1,327774.6125219299,4689324.768593111,19,T,4
2022/02/18/17:26:09.074383,436,1645223169,72227954,gps_data,42.33712666666667,-71.09060166666667,12.2,327774.6125219299,4689324.768593111,19,T,4
2022/02/18/17:26:10.077836,437,1645223170,75301170,gps_data,42.33712666666667,-71.09060166666667,12.2,327774.6125219299,4689324.768593111,19,T,4
2022/02/18/17:26:11.071326,438,1645223171,69442272,gps_data,42.33712666666667,-71.09060166666667,12.2,327774.6125219299,4689324.768593111,19,T,4
2022/02/18/17:26:12.073211,439,1645223172,70376396,gps_data,42.33712666666667,-71.09060166666667,12.2,327774.6125219299,4689324.768593111,19,T,4
2022/02/18/17:26:13.070299,440,1645223173,67198276,gps_data,42.33712666666667,-71.09060166666667,12.2,327774.6125219299,4689324.768593111,19,T,4
2022/02/18/17:26:14.080501,441,1645223174,80001831,gps_data,42.33712666666667,-71.09060166666667,12.2,327774.6125219299,4689324.768593111,19,T,4
2022/02/18/17:26:15.077769,442,1645223175,76577901,gps_data,42.33712666666667,-71.09060166666667,12.2,327774.6125219299,4689324.768593111,19,T,4
2022/02/18/17:26:16.078011,443,1645223176,75848102,gps_data,42.33712666666667,-71.09060166666667,12.2,327774.6125219299,4689324.768593111,19,T,4
2022/02/18/17:26:17.080795,444,1645223177,79224109,gps_data,42.33712666666667,-71.09060166666667,12.2,327774.6125219299,4689324.768593111,19,T,4
2022/02/18/17:26:18.081109,445,1645223178,78894615,gps_data,42.33712666666667,-71.09060166666667,12.2,327774.6125219299,4689324.768593111,19,T,4
2022/02/18/17:26:19.075662,446,1645223179,75281858,gps_data,42.33712666666667,-71.09060166666667,12.2,327774.6125219299,4689324.768593111,19,T,4
2022/02/18/17:26:20.078722,447,1645223180,75380086,gps_data,42.33712666666667,-71.09060166666667,12.2,327774.6125219299,4689324.768593111,19,T,4
2022/02/18/17:26:21.075144,448,1645223181,72054862,gps_data,42.33712666666667,-71.09060166666667,12.2,327774.6125219299,4689324.768593111,19,T,4
2022/02/18/17:26:22.069828,449,1645223182,69273948,gps_data,42.33712666666667,-71.09060166666667,12.1,327774.6125219299,4689324.768593111,19,T,4
2022/02/18/17:26:23.071191,450,1645223183,70847272,gps_data,42.33712666666667,-71.09060166666667,12.2,327774.6125219299,4689324.768593111,19,T,4
2022/02/18/17:26:24.073944,451,1645223184,71612358,gps_data,42.33712666666667,-71.09060166666667,12.2,327774.6125219299,4689324.768593111,19,T,4
2022/02/18/17:26:25.067279,452,1645223185,64608335,gps_data,42.33712666666667,-71.09060166666667,12.1,327774.6125219299,4689324.768593111,19,T,4
2022/02/18/17:26:26.083550,453,1645223186,82145452,gps_data,42.33712666666667,-71.09060166666667,12.2,327774.6125219299,4689324.768593111,19,T,4
2022/02/18/17:26:27.076355,454,1645223187,75892925,gps_data,42.33712666666667,-71.09060166666667,12.2,327774.6125219299,4689324.768593111,19,T,4
2022/02/18/17:26:28.072225,455,1645223188,69819450,gps_data,42.33712666666667,-71.09060166666667,12.2,327774.6125219299,4689324.768593111,19,T,4
2022/02/18/17:26:29.082009,456,1645223189,81439733,gps_data,42.33712666666667,-71.09060166666667,12.2,327774.6125219299,4689324.768593111,19,T,4
2022/02/18/17:26:30.076099,457,1645223190,73965072,gps_data,42.33712666666667,-71.09060166666667,12.2,327774.6125219299,4689324.768593111,19,T,4
2022/02/18/17:26:31.067308,458,1645223191,66661119,gps_data,42.33712666666667,-71.09060166666667,12.2,327774.6125219299,4689324.768593111,19,T,4
2022/02/18/17:26:32.065042,459,1645223192,64614772,gps_data,42.33712666666667,-71.09060166666667,12.2,327774.6125219299,4689324.768593111,19,T,4
2022/02/18/17:26:33.069927,460,1645223193,68547248,gps_data,42.33712666666667,-71.09060166666667,12.2,327774.6125219299,4689324.768593111,19,T,4
2022/02/18/17:26:34.065388,461,1645223194,63997507,gps_data,42.33712666666667,-71.09060166666667,12.2,327774.6125219299,4689324.768593111,19,T,4
2022/02/18/17:26:35.082476,462,1645223195,81186294,gps_data,42.33712666666667,-71.09060166666667,12.1,327774.6125219299,4689324.768593111,19,T,4
2022/02/18/17:26:36.082248,463,1645223196,80872297,gps_data,42.33712666666667,-71.09060166666667,12.1,327774.6125219299,4689324.768593111,19,T,4
2022/02/18/17:26:37.075656,464,1645223197,74975490,gps_data,42.33712666666667,-71.09060166666667,12.2,327774.6125219299,4689324.768593111,19,T,4
2022/02/18/17:26:38.068345,465,1645223198,67594051,gps_data,42.33712666666667,-71.09060166666667,12.2,327774.6125219299,4689324.768593111,19,T,4
2022/02/18/17:26:39.080909,466,1645223199,80387353,gps_data,42.33712666666667,-71.09060166666667,12.1,327774.6125219299,4689324.768593111,19,T,4
2022/02/18/17:26:40.076675,467,1645223200,74269533,gps_data,42.33712666666667,-71.09060166666667,12.2,327774.6125219299,4689324.768593111,19,T,4
2022/02/18/17:26:41.069330,468,1645223201,68778038,gps_data,42.33712666666667,-71.09060166666667,12.2,327774.6125219299,4689324.768593111,19,T,4
2022/02/18/17:26:42.069746,469,1645223202,67706823,gps_data,42.33712666666667,-71.09060166666667,12.1,327774.6125219299,4689324.768593111,19,T,4
2022/02/18/17:26:43.067939,470,1645223203,66616296,gps_data,42.33712666666667,-71.09060166666667,12.2,327774.6125219299,4689324.768593111,19,T,4
2022/02/18/17:26:44.066524,471,1645223204,64281940,gps_data,42.33712666666667,-71.09060166666667,12.2,327774.6125219299,4689324.768593111,19,T,4
2022/02/18/17:26:45.083151,472,1645223205,81732034,gps_data,42.33712666666667,-71.09060166666667,12.2,327774.6125219299,4689324.768593111,19,T,4
2022/02/18/17:26:46.082438,473,1645223206,81011772,gps_data,42.33712666666667,-71.09060166666667,12.2,327774.6125219299,4689324.768593111,19,T,4
2022/02/18/17:26:47.076209,474,1645223207,74434041,gps_data,42.33712666666667,-71.09060166666667,12.2,327774.6125219299,4689324.768593111,19,T,4
2022/02/18/17:26:48.074041,475,1645223208,73402643,gps_data,42.33712666666667,-71.09060166666667,12.2,327774.6125219299,4689324.768593111,19,T,4
2022/02/18/17:26:49.074560,476,1645223209,73884248,gps_data,42.33712666666667,-71.09060166666667,12.2,327774.6125219299,4689324.768593111,19,T,4
2022/02/18/17:26:50.070786,477,1645223210,68668842,gps_data,42.33712666666667,-71.09060166666667,12.2,327774.6125219299,4689324.768593111,19,T,4
2022/02/18/17:26:51.067377,478,1645223211,66951513,gps_data,42.33712666666667,-71.09060166666667,12.1,327774.6125219299,4689324.768593111,19,T,4
2022/02/18/17:26:52.064137,479,1645223212,63561677,gps_data,42.33712666666667,-71.09060166666667,12.2,327774.6125219299,4689324.768593111,19,T,4
2022/02/18/17:26:53.079085,480,1645223213,78332185,gps_data,42.33712666666667,-71.09060166666667,12.2,327774.6125219299,4689324.768593111,19,T,4
2022/02/18/17:26:54.076739,481,1645223214,76144933,gps_data,42.33712666666667,-71.09060166666667,12.2,327774.6125219299,4689324.768593111,19,T,4
2022/02/18/17:26:55.072022,482,1645223215,70768117,gps_data,42.33712666666667,-71.09060166666667,12.2,327774.6125219299,4689324.768593111,19,T,4
2022/02/18/17:26:56.069373,483,1645223216,67767620,gps_data,42.33712666666667,-71.09060166666667,12.2,327774.6125219299,4689324.768593111,19,T,4
2022/02/18/17:26:57.086548,484,1645223217,82674264,gps_data,42.33712666666667,-71.09060166666667,12.2,327774.6125219299,4689324.768593111,19,T,4
2022/02/18/17:26:58.078618,485,1645223218,78034400,gps_data,42.33712666666667,-71.09060166666667,12.2,327774.6125219299,4689324.768593111,19,T,4
2022/02/18/17:26:59.075160,486,1645223219,74013471,gps_data,42.33712666666667,-71.09060166666667,12.2,327774.6125219299,4689324.768593111,19,T,4
2022/02/18/17:27:00.078459,487,1645223220,77007770,gps_data,42.33712666666667,-71.09060166666667,12.2,327774.6125219299,4689324.768593111,19,T,4
2022/02/18/17:27:01.076418,488,1645223221,75865030,gps_data,42.33712666666667,-71.09060166666667,12.2,327774.6125219299,4689324.768593111,19,T,4
2022/02/18/17:27:02.076851,489,1645223222,74520587,gps_data,42.33712666666667,-71.09060166666667,12.2,327774.6125219299,4689324.768593111,19,T,4
2022/02/18/17:27:03.069492,490,1645223223,68227767,gps_data,42.33712666666667,-71.09060166666667,12.2,327774.6125219299,4689324.768593111,19,T,4
2022/02/18/17:27:04.066881,491,1645223224,64311981,gps_data,42.33712666666667,-71.09060166666667,12.2,327774.6125219299,4689324.768593111,19,T,4
2022/02/18/17:27:05.082086,492,1645223225,79914093,gps_data,42.33712666666667,-71.09060166666667,12.2,327774.6125219299,4689324.768593111,19,T,4
2022/02/18/17:27:06.078212,493,1645223226,77621221,gps_data,42.33712666666667,-71.09060166666667,12.2,327774.6125219299,4689324.768593111,19,T,4
2022/02/18/17:27:07.077381,494,1645223227,75947761,gps_data,42.33712666666667,-71.09060166666667,12.2,327774.6125219299,4689324.768593111,19,T,4
2022/02/18/17:27:08.076352,495,1645223228,75749158,gps_data,42.33712666666667,-71.09060166666667,12.2,327774.6125219299,4689324.768593111,19,T,4
2022/02/18/17:27:09.069512,496,1645223229,68839311,gps_data,42.33712666666667,-71.09060166666667,12.1,327774.6125219299,4689324.768593111,19,T,4
2022/02/18/17:27:10.111148,497,1645223230,108871459,gps_data,42.33712666666667,-71.09060166666667,12.2,327774.6125219299,4689324.768593111,19,T,4
2022/02/18/17:27:11.067964,498,1645223231,66384792,gps_data,42.33712666666667,-71.09060166666667,12.2,327774.6125219299,4689324.768593111,19,T,4
2022/02/18/17:27:12.081348,499,1645223232,78869581,gps_data,42.33712666666667,-71.09060166666667,12.2,327774.6125219299,4689324.768593111,19,T,4
2022/02/18/17:27:13.074368,500,1645223233,72030067,gps_data,42.33712666666667,-71.09060166666667,12.2,327774.6125219299,4689324.768593111,19,T,4
2022/02/18/17:27:14.085509,501,1645223234,83860874,gps_data,42.33712666666667,-71.09060166666667,12.2,327774.6125219299,4689324.768593111,19,T,4
2022/02/18/17:27:15.084579,502,1645223235,83285808,gps_data,42.33712666666667,-71.09060166666667,12.2,327774.6125219299,4689324.768593111,19,T,4
2022/02/18/17:27:16.080188,503,1645223236,77702999,gps_data,42.33712666666667,-71.09060166666667,12.2,327774.6125219299,4689324.768593111,19,T,4
2022/02/18/17:27:17.073992,504,1645223237,72018146,gps_data,42.33712666666667,-71.09060166666667,12.2,327774.6125219299,4689324.768593111,19,T,4
2022/02/18/17:27:18.076280,505,1645223238,73978424,gps_data,42.33712666666667,-71.09060166666667,12.2,327774.6125219299,4689324.768593111,19,T,4
2022/02/18/17:27:19.069472,506,1645223239,68403959,gps_data,42.33712666666667,-71.09060166666667,12.2,327774.6125219299,4689324.768593111,19,T,4
2022/02/18/17:27:20.083913,507,1645223240,81596374,gps_data,42.33712666666667,-71.09060166666667,12.2,327774.6125219299,4689324.768593111,19,T,4
2022/02/18/17:27:21.083011,508,1645223241,81467390,gps_data,42.33712666666667,-71.09060166666667,12.2,327774.6125219299,4689324.768593111,19,T,4
2022/02/18/17:27:22.078851,509,1645223242,76987504,gps_data,42.33712666666667,-71.09060166666667,12.2,327774.6125219299,4689324.768593111,19,T,4
2022/02/18/17:27:23.073034,510,1645223243,71726083,gps_data,42.33712666666667,-71.09060166666667,12.2,327774.6125219299,4689324.768593111,19,T,4
2022/02/18/17:27:24.091334,511,1645223244,88987350,gps_data,42.33712666666667,-71.09060166666667,12.2,327774.6125219299,4689324.768593111,19,T,4
2022/02/18/17:27:25.067948,512,1645223245,65694808,gps_data,42.33712666666667,-71.09060166666667,12.2,327774.6125219299,4689324.768593111,19,T,4
2022/02/18/17:27:26.085426,513,1645223246,83251237,gps_data,42.33712666666667,-71.09060166666667,12.2,327774.6125219299,4689324.768593111,19,T,4
2022/02/18/17:27:27.082284,514,1645223247,81108808,gps_data,42.33712666666667,-71.09060166666667,12.2,327774.6125219299,4689324.768593111,19,T,4
2022/02/18/17:27:28.083833,515,1645223248,81123352,gps_data,42.33712666666667,-71.09060166666667,12.2,327774.6125219299,4689324.768593111,19,T,4
2022/02/18/17:27:29.084300,516,1645223249,83021163,gps_data,42.33712666666667,-71.09060166666667,12.2,327774.6125219299,4689324.768593111,19,T,4
2022/02/18/17:27:30.079262,517,1645223250,77063322,gps_data,42.33712666666667,-71.09060166666667,12.2,327774.6125219299,4689324.768593111,19,T,4
2022/02/18/17:27:31.078477,518,1645223251,77020406,gps_data,42.33712666666667,-71.09060166666667,12.2,327774.6125219299,4689324.768593111,19,T,4
2022/02/18/17:27:32.076904,519,1645223252,75437545,gps_data,42.337125,-71.09060166666667,12.2,327774.6079719197,4689324.583522462,19,T,4
2022/02/18/17:27:33.075245,520,1645223253,72865009,gps_data,42.33712666666667,-71.09060166666667,12.2,327774.6125219299,4689324.768593111,19,T,4
2022/02/18/17:27:34.070364,521,1645223254,68134069,gps_data,42.33712666666667,-71.09060166666667,12.1,327774.6125219299,4689324.768593111,19,T,4
2022/02/18/17:27:35.088348,522,1645223255,86673498,gps_data,42.33712666666667,-71.09060166666667,12.1,327774.6125219299,4689324.768593111,19,T,4
2022/02/18/17:27:36.085955,523,1645223256,84408044,gps_data,42.33712666666667,-71.09060166666667,12.1,327774.6125219299,4689324.768593111,19,T,4
2022/02/18/17:27:37.079824,524,1645223257,79305410,gps_data,42.33712666666667,-71.09060166666667,12.1,327774.6125219299,4689324.768593111,19,T,4
2022/02/18/17:27:38.077648,525,1645223258,77096939,gps_data,42.33712666666667,-71.09060166666667,12.1,327774.6125219299,4689324.768593111,19,T,4
2022/02/18/17:27:39.075529,526,1645223259,74061632,gps_data,42.33712666666667,-71.09060166666667,12.2,327774.6125219299,4689324.768593111,19,T,4
2022/02/18/17:27:40.073202,527,1645223260,71890354,gps_data,42.33712666666667,-71.09060166666667,12.2,327774.6125219299,4689324.768593111,19,T,4
2022/02/18/17:27:41.083323,528,1645223261,82081556,gps_data,42.33712666666667,-71.09060166666667,12.2,327774.6125219299,4689324.768593111,19,T,4
2022/02/18/17:27:42.081849,529,1645223262,81311941,gps_data,42.33712666666667,-71.09060166666667,12.2,327774.6125219299,4689324.768593111,19,T,4
2022/02/18/17:27:43.079732,530,1645223263,77733993,gps_data,42.33712666666667,-71.09060166666667,12.2,327774.6125219299,4689324.768593111,19,T,4
2022/02/18/17:27:44.083089,531,1645223264,81604242,gps_data,42.33712666666667,-71.09060166666667,12.2,327774.6125219299,4689324.768593111,19,T,4
2022/02/18/17:27:45.079123,532,1645223265,76776742,gps_data,42.33712666666667,-71.09060166666667,12.2,327774.6125219299,4689324.768593111,19,T,4
2022/02/18/17:27:46.073687,533,1645223266,71656227,gps_data,42.33712666666667,-71.09060166666667,12.2,327774.6125219299,4689324.768593111,19,T,4
2022/02/18/17:27:47.068710,534,1645223267,67418813,gps_data,42.33712666666667,-71.09060166666667,12.2,327774.6125219299,4689324.768593111,19,T,4
2022/02/18/17:27:48.069048,535,1645223268,67539930,gps_data,42.33712666666667,-71.09060166666667,12.2,327774.6125219299,4689324.768593111,19,T,4
2022/02/18/17:27:49.063120,536,1645223269,62497854,gps_data,42.33712666666667,-71.09060166666667,12.2,327774.6125219299,4689324.768593111,19,T,4
2022/02/18/17:27:50.085175,537,1645223270,83579540,gps_data,42.33712666666667,-71.09060166666667,12.2,327774.6125219299,4689324.768593111,19,T,4
2022/02/18/17:27:51.086434,538,1645223271,86094379,gps_data,42.33712666666667,-71.09060166666667,12.2,327774.6125219299,4689324.768593111,19,T,4
2022/02/18/17:27:52.067368,539,1645223272,65000534,gps_data,42.33712666666667,-71.09060166666667,12.2,327774.6125219299,4689324.768593111,19,T,4
2022/02/18/17:27:53.070140,540,1645223273,66602945,gps_data,42.33712666666667,-71.09060166666667,12.2,327774.6125219299,4689324.768593111,19,T,4
2022/02/18/17:27:54.087471,541,1645223274,85221529,gps_data,42.33712666666667,-71.09060166666667,12.2,327774.6125219299,4689324.768593111,19,T,4
2022/02/18/17:27:55.083744,542,1645223275,83079576,gps_data,42.33712666666667,-71.09060166666667,12.2,327774.6125219299,4689324.768593111,19,T,4
2022/02/18/17:27:56.084845,543,1645223276,82376718,gps_data,42.33712666666667,-71.09060166666667,12.2,327774.6125219299,4689324.768593111,19,T,4
2022/02/18/17:27:57.080036,544,1645223277,78114509,gps_data,42.33712666666667,-71.09060166666667,12.2,327774.6125219299,4689324.768593111,19,T,4
2022/02/18/17:27:58.078296,545,1645223278,75912952,gps_data,42.33712666666667,-71.09060166666667,12.2,327774.6125219299,4689324.768593111,19,T,4
2022/02/18/17:27:59.071696,546,1645223279,70316553,gps_data,42.33712666666667,-71.09060166666667,12.2,327774.6125219299,4689324.768593111,19,T,4
2022/02/18/17:28:00.092778,547,1645223280,90273618,gps_data,42.33712666666667,-71.09060166666667,12.2,327774.6125219299,4689324.768593111,19,T,4
2022/02/18/17:28:01.070871,548,1645223281,68752527,gps_data,42.33712666666667,-71.09060166666667,12.2,327774.6125219299,4689324.768593111,19,T,4
2022/02/18/17:28:02.087190,549,1645223282,85725069,gps_data,42.33712666666667,-71.09060166666667,12.2,327774.6125219299,4689324.768593111,19,T,4
2022/02/18/17:28:03.081081,550,1645223283,80069303,gps_data,42.33712666666667,-71.09060166666667,12.2,327774.6125219299,4689324.768593111,19,T,4
2022/02/18/17:28:04.080022,551,1645223284,79130649,gps_data,42.33712666666667,-71.09060166666667,12.2,327774.6125219299,4689324.768593111,19,T,4
2022/02/18/17:28:05.079479,552,1645223285,76586008,gps_data,42.33712666666667,-71.09060166666667,12.2,327774.6125219299,4689324.768593111,19,T,4
2022/02/18/17:28:06.076714,553,1645223286,75288772,gps_data,42.33712666666667,-71.09060166666667,12.2,327774.6125219299,4689324.768593111,19,T,4
2022/02/18/17:28:07.072058,554,1645223287,70793390,gps_data,42.33712666666667,-71.09060166666667,12.2,327774.6125219299,4689324.768593111,19,T,4
2022/02/18/17:28:08.084476,555,1645223288,84111452,gps_data,42.33712666666667,-71.09060166666667,12.2,327774.6125219299,4689324.768593111,19,T,4
2022/02/18/17:28:09.086015,556,1645223289,83909034,gps_data,42.33712666666667,-71.09060166666667,12.2,327774.6125219299,4689324.768593111,19,T,4
2022/02/18/17:28:10.085861,557,1645223290,84361314,gps_data,42.33712666666667,-71.09060166666667,12.2,327774.6125219299,4689324.768593111,19,T,4
2022/02/18/17:28:11.078736,558,1645223291,76826333,gps_data,42.33712666666667,-71.09060166666667,12.2,327774.6125219299,4689324.768593111,19,T,4
2022/02/18/17:28:12.074611,559,1645223292,73357582,gps_data,42.33712666666667,-71.09060166666667,12.2,327774.6125219299,4689324.768593111,19,T,4
2022/02/18/17:28:13.091248,560,1645223293,89331388,gps_data,42.33712666666667,-71.09060166666667,12.2,327774.6125219299,4689324.768593111,19,T,4
2022/02/18/17:28:14.093256,561,1645223294,89560985,gps_data,42.33712666666667,-71.09060166666667,12.2,327774.6125219299,4689324.768593111,19,T,4
2022/02/18/17:28:15.068403,562,1645223295,65580606,gps_data,42.33712666666667,-71.09060166666667,12.2,327774.6125219299,4689324.768593111,19,T,4
2022/02/18/17:28:16.063268,563,1645223296,62532663,gps_data,42.33712666666667,-71.09060166666667,12.2,327774.6125219299,4689324.768593111,19,T,4
2022/02/18/17:28:17.078809,564,1645223297,77378511,gps_data,42.33712666666667,-71.09060166666667,12.2,327774.6125219299,4689324.768593111,19,T,4
2022/02/18/17:28:18.079654,565,1645223298,77434062,gps_data,42.33712666666667,-71.09060166666667,12.2,327774.6125219299,4689324.768593111,19,T,4
2022/02/18/17:28:19.067569,566,1645223299,66153764,gps_data,42.33712666666667,-71.09060166666667,12.2,327774.6125219299,4689324.768593111,19,T,4
2022/02/18/17:28:20.080899,567,1645223300,79248666,gps_data,42.33712666666667,-71.09060166666667,12.2,327774.6125219299,4689324.768593111,19,T,4
2022/02/18/17:28:21.078976,568,1645223301,77125787,gps_data,42.33712666666667,-71.09060166666667,12.2,327774.6125219299,4689324.768593111,19,T,4
2022/02/18/17:28:22.075243,569,1645223302,74627399,gps_data,42.33712666666667,-71.09060166666667,12.2,327774.6125219299,4689324.768593111,19,T,4
2022/02/18/17:28:23.073231,570,1645223303,72802066,gps_data,42.33712666666667,-71.09060166666667,12.2,327774.6125219299,4689324.768593111,19,T,4
2022/02/18/17:28:24.075143,571,1645223304,73801517,gps_data,42.33712666666667,-71.09060166666667,12.2,327774.6125219299,4689324.768593111,19,T,4
2022/02/18/17:28:25.074254,572,1645223305,72705984,gps_data,42.33712666666667,-71.09060166666667,12.2,327774.6125219299,4689324.768593111,19,T,4
2022/02/18/17:28:26.068117,573,1645223306,67489385,gps_data,42.33712666666667,-71.09060166666667,12.2,327774.6125219299,4689324.768593111,19,T,4
2022/02/18/17:28:27.069810,574,1645223307,68652629,gps_data,42.33712666666667,-71.09060166666667,12.2,327774.6125219299,4689324.768593111,19,T,4
2022/02/18/17:28:28.064815,575,1645223308,63161373,gps_data,42.33712666666667,-71.09060166666667,12.2,327774.6125219299,4689324.768593111,19,T,4
2022/02/18/17:28:29.082874,576,1645223309,81599712,gps_data,42.33712666666667,-71.09060166666667,12.2,327774.6125219299,4689324.768593111,19,T,4
2022/02/18/17:28:30.080869,577,1645223310,78818559,gps_data,42.33712666666667,-71.09060166666667,12.2,327774.6125219299,4689324.768593111,19,T,4
2022/02/18/17:28:31.073556,578,1645223311,73185443,gps_data,42.33712666666667,-71.09060166666667,12.2,327774.6125219299,4689324.768593111,19,T,4
2022/02/18/17:28:32.074130,579,1645223312,71915149,gps_data,42.33712666666667,-71.09060166666667,12.2,327774.6125219299,4689324.768593111,19,T,4
2022/02/18/17:28:33.082305,580,1645223313,80846071,gps_data,42.33712666666667,-71.09060166666667,12.2,327774.6125219299,4689324.768593111,19,T,4
2022/02/18/17:28:34.077811,581,1645223314,77171802,gps_data,42.33712666666667,-71.09060166666667,12.2,327774.6125219299,4689324.768593111,19,T,4
2022/02/18/17:28:35.079949,582,1645223315,78369855,gps_data,42.33712666666667,-71.09060166666667,12.2,327774.6125219299,4689324.768593111,19,T,4
2022/02/18/17:28:36.081137,583,1645223316,78852653,gps_data,42.33712666666667,-71.09060166666667,12.2,327774.6125219299,4689324.768593111,19,T,4
2022/02/18/17:28:37.077423,584,1645223317,75254201,gps_data,42.33712666666667,-71.09060166666667,12.2,327774.6125219299,4689324.768593111,19,T,4
2022/02/18/17:28:38.075739,585,1645223318,73649644,gps_data,42.33712666666667,-71.09060166666667,12.2,327774.6125219299,4689324.768593111,19,T,4
2022/02/18/17:28:39.075208,586,1645223319,73733568,gps_data,42.33712666666667,-71.09060166666667,12.2,327774.6125219299,4689324.768593111,19,T,4
2022/02/18/17:28:40.073841,587,1645223320,71994304,gps_data,42.33712666666667,-71.09060166666667,12.2,327774.6125219299,4689324.768593111,19,T,4
2022/02/18/17:28:41.083922,588,1645223321,81884860,gps_data,42.33712666666667,-71.09060166666667,12.2,327774.6125219299,4689324.768593111,19,T,4
2022/02/18/17:28:42.080226,589,1645223322,78273773,gps_data,42.33712666666667,-71.09060166666667,12.2,327774.6125219299,4689324.768593111,19,T,4
2022/02/18/17:28:43.076096,590,1645223323,74415206,gps_data,42.33712666666667,-71.09060166666667,12.2,327774.6125219299,4689324.768593111,19,T,4
2022/02/18/17:28:44.082077,591,1645223324,78778266,gps_data,42.33712666666667,-71.09060166666667,12.2,327774.6125219299,4689324.768593111,19,T,4
2022/02/18/17:28:45.077388,592,1645223325,76927185,gps_data,42.33712666666667,-71.09060166666667,12.2,327774.6125219299,4689324.768593111,19,T,4
2022/02/18/17:28:46.074851,593,1645223326,74038267,gps_data,42.33712666666667,-71.09060166666667,12.2,327774.6125219299,4689324.768593111,19,T,4
2022/02/18/17:28:47.072896,594,1645223327,71994781,gps_data,42.33712666666667,-71.09060166666667,12.2,327774.6125219299,4689324.768593111,19,T,4
2022/02/18/17:28:48.070481,595,1645223328,70073843,gps_data,42.33712666666667,-71.09060166666667,12.2,327774.6125219299,4689324.768593111,19,T,4
2022/02/18/17:28:49.067938,596,1645223329,65644025,gps_data,42.33712666666667,-71.09060166666667,12.2,327774.6125219299,4689324.768593111,19,T,4
2022/02/18/17:28:50.085957,597,1645223330,84395170,gps_data,42.33712666666667,-71.09060166666667,12.2,327774.6125219299,4689324.768593111,19,T,4
2022/02/18/17:28:51.084369,598,1645223331,82072019,gps_data,42.33712666666667,-71.09060166666667,12.2,327774.6125219299,4689324.768593111,19,T,4
2022/02/18/17:28:52.079216,599,1645223332,76942682,gps_data,42.33712666666667,-71.09060166666667,12.2,327774.6125219299,4689324.768593111,19,T,4
2022/02/18/17:28:53.073869,600,1645223333,72587966,gps_data,42.33712666666667,-71.09060166666667,12.2,327774.6125219299,4689324.768593111,19,T,4
2022/02/18/17:28:54.074107,601,1645223334,73608875,gps_data,42.33712666666667,-71.09060166666667,12.2,327774.6125219299,4689324.768593111,19,T,4
2022/02/18/17:28:55.067322,602,1645223335,66220521,gps_data,42.33712666666667,-71.09060166666667,12.2,327774.6125219299,4689324.768593111,19,T,4
2022/02/18/17:28:56.083793,603,1645223336,81451177,gps_data,42.33712666666667,-71.09060166666667,12.2,327774.6125219299,4689324.768593111,19,T,4
2022/02/18/17:28:57.081280,604,1645223337,78854799,gps_data,42.33712666666667,-71.09060166666667,12.2,327774.6125219299,4689324.768593111,19,T,4
2022/02/18/17:28:58.076321,605,1645223338,73805570,gps_data,42.33712666666667,-71.09060166666667,12.2,327774.6125219299,4689324.768593111,19,T,4
2022/02/18/17:28:59.074779,606,1645223339,73002576,gps_data,42.33712666666667,-71.09060166666667,12.2,327774.6125219299,4689324.768593111,19,T,4
2022/02/18/17:29:00.072797,607,1645223340,70518493,gps_data,42.33712666666667,-71.09060166666667,12.2,327774.6125219299,4689324.768593111,19,T,4
2022/02/18/17:29:01.069744,608,1645223341,69060087,gps_data,42.33712666666667,-71.09060166666667,12.2,327774.6125219299,4689324.768593111,19,T,4
2022/02/18/17:29:02.084432,609,1645223342,83818197,gps_data,42.33712666666667,-71.09060166666667,12.2,327774.6125219299,4689324.768593111,19,T,4
2022/02/18/17:29:03.083218,610,1645223343,81853389,gps_data,42.33712666666667,-71.09060166666667,12.2,327774.6125219299,4689324.768593111,19,T,4
2022/02/18/17:29:04.076146,611,1645223344,75621128,gps_data,42.33712666666667,-71.09060166666667,12.2,327774.6125219299,4689324.768593111,19,T,4
2022/02/18/17:29:05.076318,612,1645223345,73868989,gps_data,42.33712666666667,-71.09060166666667,12.2,327774.6125219299,4689324.768593111,19,T,4
2022/02/18/17:29:06.076441,613,1645223346,74141263,gps_data,42.33712666666667,-71.09060166666667,12.2,327774.6125219299,4689324.768593111,19,T,4
2022/02/18/17:29:07.069895,614,1645223347,69533348,gps_data,42.33712666666667,-71.09060166666667,12.2,327774.6125219299,4689324.768593111,19,T,4
2022/02/18/17:29:08.069355,615,1645223348,67365884,gps_data,42.33712666666667,-71.09060166666667,12.2,327774.6125219299,4689324.768593111,19,T,4
2022/02/18/17:29:09.064441,616,1645223349,63935279,gps_data,42.33712666666667,-71.09060166666667,12.2,327774.6125219299,4689324.768593111,19,T,4
2022/02/18/17:29:10.084405,617,1645223350,82233667,gps_data,42.33712666666667,-71.09060166666667,12.2,327774.6125219299,4689324.768593111,19,T,4
2022/02/18/17:29:11.075104,618,1645223351,73186159,gps_data,42.33712666666667,-71.09060166666667,12.2,327774.6125219299,4689324.768593111,19,T,4
2022/02/18/17:29:12.087811,619,1645223352,87031602,gps_data,42.33712666666667,-71.09060166666667,12.2,327774.6125219299,4689324.768593111,19,T,4
2022/02/18/17:29:13.080686,620,1645223353,80065965,gps_data,42.33712666666667,-71.09060166666667,12.2,327774.6125219299,4689324.768593111,19,T,4
2022/02/18/17:29:14.079305,621,1645223354,78635215,gps_data,42.33712666666667,-71.09060166666667,12.2,327774.6125219299,4689324.768593111,19,T,4
2022/02/18/17:29:15.073106,622,1645223355,72701454,gps_data,42.33712666666667,-71.09060166666667,12.2,327774.6125219299,4689324.768593111,19,T,4
2022/02/18/17:29:16.071938,623,1645223356,69663763,gps_data,42.33712666666667,-71.09060166666667,12.2,327774.6125219299,4689324.768593111,19,T,4
2022/02/18/17:29:17.086421,624,1645223357,84093093,gps_data,42.33712666666667,-71.09060166666667,12.2,327774.6125219299,4689324.768593111,19,T,4
2022/02/18/17:29:18.081967,625,1645223358,79711914,gps_data,42.33712666666667,-71.09060166666667,12.2,327774.6125219299,4689324.768593111,19,T,4
2022/02/18/17:29:19.080984,626,1645223359,79510927,gps_data,42.33712666666667,-71.09060166666667,12.2,327774.6125219299,4689324.768593111,19,T,4
2022/02/18/17:29:20.074365,627,1645223360,73697805,gps_data,42.33712666666667,-71.09060166666667,12.2,327774.6125219299,4689324.768593111,19,T,4
2022/02/18/17:29:21.076036,628,1645223361,73393344,gps_data,42.33712666666667,-71.09060166666667,12.2,327774.6125219299,4689324.768593111,19,T,4
2022/02/18/17:29:22.073886,629,1645223362,71001768,gps_data,42.33712666666667,-71.09060166666667,12.2,327774.6125219299,4689324.768593111,19,T,4
2022/02/18/17:29:23.067251,630,1645223363,66697359,gps_data,42.33712666666667,-71.09060166666667,12.2,327774.6125219299,4689324.768593111,19,T,4
2022/02/18/17:29:24.085982,631,1645223364,83462715,gps_data,42.33712666666667,-71.09060166666667,12.2,327774.6125219299,4689324.768593111,19,T,4
2022/02/18/17:29:25.083129,632,1645223365,80651760,gps_data,42.33712666666667,-71.09060166666667,12.2,327774.6125219299,4689324.768593111,19,T,4
2022/02/18/17:29:26.087349,633,1645223366,86038827,gps_data,42.33712666666667,-71.09060166666667,12.2,327774.6125219299,4689324.768593111,19,T,4
2022/02/18/17:29:27.080881,634,1645223367,79496383,gps_data,42.33712666666667,-71.09060166666667,12.2,327774.6125219299,4689324.768593111,19,T,4
2022/02/18/17:29:28.082073,635,1645223368,80083370,gps_data,42.33712666666667,-71.09060166666667,12.2,327774.6125219299,4689324.768593111,19,T,4
2022/02/18/17:29:29.077055,636,1645223369,75392723,gps_data,42.33712666666667,-71.09060166666667,12.2,327774.6125219299,4689324.768593111,19,T,4
2022/02/18/17:29:30.071198,637,1645223370,70540904,gps_data,42.33712666666667,-71.09060166666667,12.2,327774.6125219299,4689324.768593111,19,T,4
2022/02/18/17:29:31.083506,638,1645223371,82940578,gps_data,42.33712666666667,-71.09060166666667,12.2,327774.6125219299,4689324.768593111,19,T,4
2022/02/18/17:29:32.079466,639,1645223372,76577425,gps_data,42.33712666666667,-71.09060166666667,12.2,327774.6125219299,4689324.768593111,19,T,4
2022/02/18/17:29:33.089652,640,1645223373,89031696,gps_data,42.33712666666667,-71.09060166666667,12.2,327774.6125219299,4689324.768593111,19,T,4
2022/02/18/17:29:34.072508,641,1645223374,70004940,gps_data,42.33712666666667,-71.09060166666667,12.2,327774.6125219299,4689324.768593111,19,T,4
2022/02/18/17:29:35.068924,642,1645223375,68578720,gps_data,42.33712666666667,-71.09060166666667,12.2,327774.6125219299,4689324.768593111,19,T,4
2022/02/18/17:29:36.087311,643,1645223376,84380149,gps_data,42.33712666666667,-71.09060166666667,12.2,327774.6125219299,4689324.768593111,19,T,4
2022/02/18/17:29:37.064846,644,1645223377,62135696,gps_data,42.33712666666667,-71.09060166666667,12.2,327774.6125219299,4689324.768593111,19,T,4
2022/02/18/17:29:38.077862,645,1645223378,75822114,gps_data,42.33712666666667,-71.09060166666667,12.2,327774.6125219299,4689324.768593111,19,T,4
2022/02/18/17:29:39.071141,646,1645223379,69899559,gps_data,42.33712666666667,-71.09060166666667,12.2,327774.6125219299,4689324.768593111,19,T,4
